sim_index,tau,gamma,rho,peak_I,peak_time,final_R
998,0.004941239792449111,0.44965994157065486,0.009537523313507164,10.0,0,20.0
971,0.013515777660328179,0.485065964432645,0.001074277027023375,1.0,0,1.0
98,0.016635251690572207,0.4152317140859661,0.003909043437529836,4.0,0,6.0
433,0.005166617686341171,0.18360677583787044,0.0010521126171408168,1.0,0,1.0
125,0.009582536194719913,0.3302243048916604,0.002015050206497537,2.0,0,3.0
388,0.009024392929135674,0.425847140140373,0.004680446519868018,10.531498430643396,3,19.0
260,0.005120134293443309,0.21509954946190896,0.00696267791571438,7.0,0,10.0
897,0.008798962947379037,0.33315329288482326,0.008000639334652735,8.0,0,20.0
759,0.009395367197745827,0.3551034525685362,0.002239965483436024,2.77017307409232,1,3.0
790,0.004370327914424713,0.213947051352172,0.008115358234798408,9.618795965490254,17,68.0
675,0.005503250433663087,0.36479712467824554,0.007847699956827561,8.0,0,8.0
100,0.012423252022609237,0.45248864228801866,0.00953250849730935,10.0,0,13.0
858,0.011375213217659476,0.2987645262555776,0.008075570343371898,8.0,0,9.0
82,0.016438272614411904,0.4963115599801632,0.006470136279672797,29.799586467733786,9,120.0
381,0.009610353008076946,0.43115412408390563,0.0055396193951755815,6.074165486892898,1,7.0
747,0.009644891433090374,0.2413233666162485,0.008756614933929341,9.0,0,30.0
224,0.0058072555644889,0.2593475711334847,0.001233098927025554,2.7886661849672243,4,3.0
807,0.009514783597361519,0.3852077560325033,0.0012703803869004338,4.903547852366857,28,26.0
55,0.003737178381237181,0.16675414083578116,0.00632009799602746,8.979587533496003,5,20.0
61,0.007312038607814657,0.24460157915486025,0.0011648263722311696,1.0,0,1.0
803,0.008456137443177704,0.42050638909094357,0.004640378784973461,6.940597426364867,5,13.0
421,0.007336201901329978,0.3333076362414602,0.0044166126568320275,4.0,0,4.0
829,0.019972183421487513,0.4734516353398681,0.006756870797337226,7.0,0,11.0
956,0.012258863558019912,0.27742774796941594,0.0017705692658348585,21.451472057108706,30,131.0
273,0.011501196721687226,0.37109679732143774,0.0016762737182020454,2.0,0,3.0
2,0.012298719323738173,0.3905812043969422,0.002320243563307814,2.0,0,2.0
147,0.011757974321140046,0.36215841391865805,0.009125319983099256,20.803867220434324,9,123.0
7,0.010481704123347308,0.40342596706231376,0.0024420192749351984,2.0,0,2.0
248,0.006930493639486405,0.20802404430088337,0.0052476469754995925,8.735663478576878,7,21.0
582,0.007236157961730169,0.4356490306003471,0.006643590729051751,7.0,0,9.0
51,0.010317725497979364,0.4624290240148675,0.0073025176189317744,12.624661653177514,8,51.0
870,0.00823676365687421,0.31210750390948905,0.005664416520752057,6.0,0,13.0
961,0.017513414903852706,0.40884784454319567,0.004661657419636856,51.20822447867258,11,299.0
809,0.015858542280479202,0.49557332046783586,0.00781983157892677,12.634102794076076,1,87.0
545,0.0054184654318827595,0.14407442248836755,0.006212105971672834,6.643491519862793,2,9.0
922,0.009181456767279463,0.20615808537527494,0.0015832712736056748,5.754511342775363,13,19.0
45,0.007081291685087171,0.2758624362375161,0.006491650275134086,7.479670642992678,1,13.0
334,0.010804405501556738,0.32014420603135757,0.002165186030394882,5.8580801347842595,1,9.0
135,0.01506186571795668,0.4186437555180816,0.004857173652042271,46.628326628295156,10,185.0
816,0.0060419059170524455,0.34685330874896986,0.001895810023484116,2.0,0,2.0
352,0.007803805996582104,0.27137592754438616,0.009628181391388707,10.0,0,27.0
285,0.01636938268453883,0.48921312509739134,0.007286681139353067,7.0,0,10.0
742,0.014227227176084552,0.4483775078550454,0.008269222757866691,16.404933767721715,24,168.0
798,0.011741770342067352,0.3440235445127326,0.00967073209735059,16.261643840933235,16,92.0
976,0.011025056326909886,0.3035405248135635,0.005753769749313744,24.5368625929447,5,111.0
893,0.006229648154088561,0.27393555976719697,0.005655266570613553,6.0,0,12.0
774,0.012479676160368986,0.4777515289399975,0.005752303148756169,8.472914631678996,13,27.0
281,0.00634084581263757,0.17736398200234882,0.00624154294894123,7.365227611241728,1,11.0
439,0.016303263498441085,0.4629227872972819,0.005041227797859679,5.0,0,8.0
25,0.004540855448508197,0.24190909763034502,0.004498042469220718,4.0,0,4.0
319,0.011747604800720034,0.3260349924257803,0.001000938627070805,1.0,0,1.0
236,0.012024427499759814,0.39444191559816183,0.0038473857253443888,25.25381605397348,9,158.0
951,0.009275419312991178,0.32011077866716126,0.007714512042012063,8.517443827843042,2,18.0
797,0.013662754422166625,0.3859785691776434,0.009583614167090375,26.00557505386187,7,127.0
849,0.0008788349416357269,0.06734215686761705,0.004790120187631989,5.0,0,6.0
253,0.013597334804817559,0.35059316133000595,0.009755980053694166,15.926773786489306,10,67.0
371,0.01581516374034941,0.41995341443152456,0.009298009573918653,38.67967662049928,13,201.0
786,0.0031473297059914397,0.13976939262637875,0.006312672627565622,6.306427386266586,1,8.0
899,0.006517625910557712,0.2284902152174055,0.0014554187050419844,1.9099348372107956,6,3.0
688,0.0008608873405459747,0.08707958086134937,0.007876394738683271,8.0,0,10.0
464,0.007476639778504685,0.28311534544041683,0.0080445128025704,8.543948327505616,5,33.0
964,0.012159148833960031,0.41367786850976396,0.009716646214063552,10.46171232708703,8,47.0
143,0.00841264850704486,0.48317331673298586,0.0015750003231031068,4.910507686474987,7,10.0
831,0.016650692383322237,0.4200822896005138,0.0064976367403597225,23.758670774519246,19,122.0
513,0.010086975904539877,0.365187170434539,0.00432162258844038,4.0,0,4.0
592,0.011607766336116945,0.3745881205710714,0.008975650063296396,9.0,0,13.0
336,0.01694872147612473,0.4721423125942936,0.009421751904896778,20.530690268668963,6,119.0
905,0.0041561749321225505,0.08709698172331257,0.008675686203631489,15.535698479057903,15,33.0
499,0.002389636585775548,0.13676728974895902,0.005175842007192373,5.0,0,5.0
435,0.003819966672861674,0.10609335984528935,0.0011649063297504408,1.0,0,1.0
304,0.009099924760973236,0.33664775686509923,0.007750157248339266,25.823465680374333,7,117.0
866,0.01762000079541007,0.4703239787466787,0.004224215483399423,4.0,0,5.0
245,0.006722167712280699,0.1819131286148292,0.007269125272143335,8.623879222574017,13,22.0
463,0.00910965880305286,0.3216587286316116,0.009166830128800827,9.0,0,13.0
902,0.004431812220821435,0.14408235594673696,0.005451148307032429,12.16417655559053,12,28.0
727,0.007178339284493863,0.3295117968446031,0.004443555902946932,8.805956405448068,1,13.0
938,0.007096441771348947,0.47394047495312736,0.0012357083373835216,1.0,0,1.0
672,0.006262118126394999,0.19727338717129944,0.0010207886010802738,1.0,0,1.0
991,0.01608527481150782,0.46953958983632643,0.003101149209782568,13.752445425497173,10,42.0
354,0.011865747513136198,0.3591654613625978,0.003830388747545503,10.830011551308361,8,27.0
127,0.0033656043260641465,0.14441146332018226,0.004631392279608822,5.0,0,6.0
883,0.012767009113991014,0.43580322507961694,0.009888899222958375,10.0,0,38.0
343,0.011697522609752398,0.398739025314603,0.005163506430936922,5.578016900022468,3,20.0
725,0.02169950390270833,0.4688840336497487,0.008511792821781782,41.42937728374691,9,254.0
510,0.006686241307913552,0.1896278706403837,0.00872254515516186,9.0,0,11.0
231,0.0038307153962333983,0.35805552539146157,0.0059644004321705215,6.0,0,8.0
252,0.008044695551206776,0.2211215492667386,0.009620456894122057,54.148011554207265,50,282.0
994,0.0022359751513729427,0.08697166869384293,0.001132915564943816,2.252638149687286,1,4.0
429,0.010719374354250038,0.4697130599451336,0.004174478503747226,4.169634118921498,1,8.0
150,0.006710214041267336,0.284053323421811,0.0066458582223400935,7.961534253285833,5,22.0
780,0.01841712435862539,0.43288233502919765,0.0069052363827518115,7.281952670814588,1,13.0
368,0.014665047923250742,0.3766564476807766,0.007766572815334693,27.284422694675897,8,120.0
199,0.013157864438662953,0.4857556529644408,0.006953411725447958,7.0,0,12.0
36,0.01163999099501258,0.31031454136338815,0.0072878897472107565,15.774375710559733,15,76.0
447,0.00429613619433654,0.2532220663938414,0.004067052640678242,7.6427903246137285,9,17.0
179,0.009199792071605284,0.4341700620553463,0.009561482959088999,10.0,0,14.0
717,0.007742035329245062,0.3415787928964414,0.006345187210203477,7.876135205906701,5,18.0
813,0.004186440566079344,0.28169830947637853,0.005598912050299581,6.0,0,7.0
152,0.00536268686364783,0.13738084321626107,0.0050354020853724995,5.0,0,5.0
128,0.014466869245903038,0.45608094351919315,0.008463689063132617,17.096270059152666,5,56.0
230,0.006026136751749982,0.3259569356999242,0.009817637480919069,10.0,0,11.0
151,0.007536131731678549,0.26069423309836404,0.008909077867588006,11.753145224896453,8,69.0
38,0.014164823907886976,0.3905818508816298,0.008861922363584011,9.0,0,12.0
884,0.015511744142780013,0.37544380332461713,0.009513174593020698,10.0,0,17.0
116,0.006903211562575027,0.45772506182661016,0.005832708443681754,6.0,0,8.0
815,0.007211475584299416,0.1971364900588367,0.005414151093090115,20.16929210574718,37,159.0
947,0.015862497045247084,0.3258885724133877,0.005545561137434307,9.82136637574653,8,42.0
993,0.0024202241491867037,0.11204876860554655,0.009711915431077299,10.0,0,10.0
721,0.006921443930636783,0.24786836386103211,0.004854487554273608,5.0,0,9.0
528,0.013541115658681603,0.4422590340919359,0.0041349935676553,4.0,0,9.0
83,0.01730684163679796,0.45608506345651045,0.0018360946934469942,2.0,0,2.0
915,0.011437365389633365,0.40314162142046633,0.009492439101259041,9.0,0,19.0
136,0.016276622517622054,0.37879394343191786,0.0059027268268634055,35.702464068820255,17,231.0
306,0.008690635629228678,0.26489932322747073,0.006354770542801757,6.0,0,11.0
515,0.007246171778941224,0.43830808019151907,0.0047745843087668325,5.0,0,7.0
558,0.008225555941621204,0.3582309005280089,0.0026926928148557254,3.0,0,3.0
824,0.007181090448814145,0.2777953854882414,0.003907709618598817,4.0,0,4.0
908,0.004222805732684009,0.10023410944926985,0.003074330400057681,3.0,0,8.0
96,0.00959876860393089,0.48867880187398505,0.005798477122454322,6.0,0,6.0
706,0.014570751095417764,0.4002353878391865,0.00778045069740865,8.0,0,25.0
79,0.00791077189508016,0.3350631228509874,0.006431150239353317,6.0,0,8.0
709,0.008129973285504874,0.3208167763762686,0.0018748553194731336,2.0,0,3.0
757,0.007507498414400815,0.3811701433087796,0.005631289792754855,6.0,0,6.0
980,0.008231711144340983,0.2718505967206042,0.004985610001210996,7.924502510130105,4,23.0
990,0.016726030326281702,0.4595027050589541,0.0022642290115866244,2.0,0,2.0
655,0.013813985714678794,0.44651037567821283,0.00726249793350212,7.0,0,9.0
924,0.01810881940948149,0.4741477010842899,0.0026063795386261444,3.0,0,4.0
390,0.00695724996831778,0.442854531723805,0.0077552845493316465,10.995790470090412,1,15.0
180,0.01007800191570922,0.355043406512497,0.001961958553936548,2.0,0,2.0
861,0.009829136389633288,0.38791904602941507,0.0011341345320158669,1.5520667887847395,1,2.0
972,0.014351030019467798,0.3642381644816546,0.009215202268008564,12.816883851362967,3,54.0
239,0.0104193671127141,0.3793481164671109,0.002303999375277217,3.8464144411677617,8,10.0
987,0.010070668171755984,0.27380578842443193,0.004493536247669856,4.0,0,7.0
131,0.007000076769749263,0.2290211422907451,0.0045757131438841124,6.583930891622163,1,23.0
197,0.00527867082770185,0.25981169007770893,0.008342028845315826,8.148721244302836,1,18.0
250,0.01718130693169476,0.47996867003761234,0.00854341097138215,25.456135384822172,6,138.0
988,0.005915483658833429,0.1664457841413938,0.004896652544425154,6.825272941611998,1,8.0
838,0.0029843682789245443,0.10685401033274618,0.007113610813648826,7.0,0,8.0
901,0.005109839490793016,0.17147848329311816,0.005804628279061269,6.0,0,9.0
482,0.016939575558806784,0.4205083472143577,0.007052440512397654,7.0,0,12.0
142,0.018745816551951944,0.48863425692379703,0.0070778602257219065,7.0,0,12.0
906,0.016172322580372985,0.46883667642203364,0.007422623141194175,7.0,0,10.0
470,0.005746004749109617,0.1542174472887583,0.006574279568811889,7.0,0,9.0
367,0.018770033813229135,0.38730919106530187,0.008817216185986087,33.47861282608911,14,295.0
218,0.008613130531800905,0.4054358746005821,0.008514143643727826,9.0,0,16.0
514,0.008827578977642431,0.3775785521278622,0.004041880245294029,6.126187237816328,6,17.0
707,0.010082908962320277,0.3323365771186475,0.0035151041359486913,4.684881987487012,1,7.0
302,0.005565218027585812,0.24540522553311547,0.0019768580765294583,6.6439605548649885,11,17.0
502,0.010527479405726906,0.3486073345340094,0.008993982218550306,9.0,0,10.0
593,0.0091008304813365,0.30507922760200396,0.005339550388483682,5.0,0,12.0
479,0.0026864239816902845,0.08863891622979697,0.002274338480416596,2.0,0,2.0
417,0.00565189252176649,0.15380498990316882,0.00536222382949919,5.0,0,14.0
171,0.003331471255346857,0.26100760462008865,0.0030611635873847073,3.8693168799468802,1,4.0
166,0.011576060782234254,0.284427888336046,0.005200480058489428,18.053828464226854,13,78.0
661,0.010887206367626955,0.35831551814163554,0.00230349232276637,3.943937665970709,7,11.0
66,0.009174748684689659,0.24577179175011482,0.007822703395780393,11.627046302805091,12,39.0
552,0.008833259844436498,0.3200134391937471,0.008304548842258001,11.902169474796015,16,81.0
602,0.009191872893319247,0.4102737323503194,0.007646703245248671,8.0,0,9.0
243,0.009052283707537854,0.23563876970368797,0.007177892724639792,28.174027024832213,36,169.0
480,0.0024727938942295867,0.0939989598211196,0.0028179887813603605,3.0,0,3.0
268,0.0064551667067881905,0.16320494896990909,0.0037198189352963856,24.36078080399328,39,148.0
409,0.00645544070915656,0.19397539964708913,0.00887465027535586,11.853762896777122,3,43.0
698,0.016763817104659958,0.4912159668465965,0.002832381426589554,3.0,0,5.0
673,0.007191779122958756,0.19090121810602143,0.001323707363281012,1.0,0,1.0
711,0.006960625006947151,0.3747265071598015,0.001502562538005642,2.0,0,2.0
471,0.004576762124258976,0.14897715278065338,0.006436342621716946,6.0,0,7.0
726,0.02111594984622467,0.469490389357283,0.008073977548112853,26.663819886139727,7,144.0
840,0.0048768770509976765,0.15449014720869747,0.006574622568771353,7.35351064154051,2,12.0
193,0.013354394517643304,0.42990971780407633,0.008534399296416188,9.0,0,10.0
129,0.0042032927187794535,0.1700833955624781,0.007618403079722341,8.0,0,13.0
21,0.013547903790613686,0.3758063818290784,0.005096253031759812,5.0,0,13.0
873,0.013726662545956319,0.42827370044606666,0.007793636423313912,23.41684219686907,13,187.0
631,0.0014374604977934182,0.08422083937962813,0.0057248220713899435,6.0,0,8.0
939,0.008514832430215133,0.4843781990570569,0.0019062991817611502,2.800658211136714,1,4.0
444,0.011969951122873636,0.2796967590558774,0.005113734926476246,5.788272349748597,1,8.0
130,0.00555323466002384,0.1712790191659607,0.005887804236946209,6.705943838268679,2,11.0
936,0.005574877865848996,0.20573413878582955,0.008016313254461999,9.441435044365909,4,29.0
35,0.007496243141727281,0.348685015669991,0.007628570340245902,8.0,0,12.0
609,0.0046449162929391545,0.22175585402147985,0.009534892449532088,10.0,0,11.0
382,0.0064630391598836595,0.1681396430725352,0.006608873790911828,7.119165002490068,2,10.0
86,0.010877115192437812,0.423300013202548,0.008048541390300607,8.0,0,11.0
146,0.006590017912873774,0.422812590058788,0.00900272284845509,9.0,0,10.0
768,0.011216830010963458,0.356626205222973,0.0038136060414329684,4.0,0,4.0
222,0.01383251582968542,0.42596067714594715,0.009859208731970149,16.767227596638836,16,106.0
203,0.015855127917423665,0.4951726783460053,0.006729989710688185,7.0,0,15.0
933,0.004401282792380082,0.155683238443899,0.005737434862388434,6.0,0,8.0
387,0.008028599216326935,0.4122864029777101,0.008258232088207638,9.70601181416332,4,21.0
753,0.006184096075521774,0.316645062880762,0.007739425081801584,8.0,0,11.0
562,0.010712387123890157,0.28620560448821963,0.009322991512903356,18.963039663315765,5,93.0
88,0.014928238275653665,0.4891065962112871,0.00928505469921857,33.00469522221871,9,119.0
625,0.0077313007029036745,0.27942608777794437,0.0085053745484935,9.0,0,11.0
702,0.007101946998379037,0.16432639792465592,0.006212974688219592,51.63609009843809,38,316.0
668,0.016658170208321024,0.41452562321050607,0.008352831815778684,8.806239062845684,1,16.0
6,0.012881184808174862,0.2980816666210034,0.004550169871898836,5.0,0,5.0
533,0.007062311533891903,0.3302362446904908,0.0020495710945258737,2.0,0,2.0
380,0.01685821304540818,0.43968218793561764,0.005496016978770878,8.179376194971244,7,20.0
965,0.00748998659882122,0.36657349140500717,0.002147007507113886,4.653477985962952,10,9.0
11,0.011813418375500664,0.4592443251128226,0.008143098799232118,10.148393586823707,1,27.0
942,0.010662997950851771,0.32535495076408927,0.007905137104581482,31.440613191436757,12,172.0
232,0.011099428836213097,0.24688123296966774,0.002347828252538794,3.608835790484872,2,5.0
276,0.005219801612756636,0.1194860595438417,0.007424548921176753,27.437207644361994,74,87.0
278,0.010127681411861746,0.38287485088131223,0.006727323031820152,24.6988863166874,13,105.0
379,0.0036640278290781523,0.36067136236086594,0.0019784882335121103,2.0,0,2.0
120,0.004120818910844212,0.21567337187696392,0.0077560727841787126,8.0,0,11.0
115,0.01353413147656103,0.39400822793370566,0.0021134051148914987,2.0,0,2.0
29,0.0028305272214506,0.06455829925450986,0.006100203050901899,6.481405531108216,1,7.0
363,0.010616724457090627,0.360312919236879,0.004060227936061866,4.0,0,4.0
564,0.00796302404135453,0.36713326627984777,0.0028026575273949446,3.0,0,4.0
206,0.006924201777959576,0.2805733344486409,0.008749629876302551,9.0,0,10.0
9,0.008015904240055015,0.44058248638776903,0.009071371280381463,9.0,0,9.0
315,0.013848719052392518,0.4188995496698729,0.0049324648306682695,10.975152382716185,10,35.0
185,0.012406033203540534,0.4081395411074497,0.008457334386309818,25.78087736279893,11,141.0
868,0.017219151565495694,0.4142524877385359,0.005088482755517222,35.668945251378524,19,180.0
91,0.01609561058755417,0.44602973907706933,0.006472757115067538,24.98194854511202,5,132.0
445,0.004908369428981912,0.31895820328612573,0.0044989437589012474,4.0,0,7.0
238,0.007112129529773338,0.2680182398609821,0.0036303185630822223,4.0,0,4.0
892,0.003980467228400461,0.13880028163297106,0.005785389265826096,8.591283856872664,3,24.0
154,0.006006111720687949,0.20045483258865712,0.007054752459068045,7.0,0,7.0
126,0.007158685915578755,0.26876418384770384,0.0013826214061874046,4.386136297252225,7,7.0
890,0.008386215769762412,0.3566459745995514,0.0066723021037523944,7.0,0,8.0
297,0.009303815628781758,0.29930485558056563,0.00382786128064122,4.511391967498831,1,5.0
310,0.011421508070658386,0.31016022388722614,0.008369850518329466,8.019669174913862,1,12.0
420,0.007891573869037547,0.299558528593504,0.004388153842329531,4.1241839353435354,16,10.0
857,0.005402810757381933,0.30832709327281643,0.005895161856942114,6.0,0,6.0
860,0.011760113926055164,0.4024449064973402,0.0017944277782545406,2.0,0,4.0
43,0.011010937864243564,0.2951105483927294,0.007275646988120949,15.739859032178215,5,53.0
608,0.0012299859393175635,0.07380126955927391,0.006999578313613354,10.806428509165606,30,25.0
652,0.0020690385344992474,0.06330671281806527,0.006981082499867422,7.0,0,9.0
454,0.014283704420926819,0.35237566936029147,0.004298468513891714,4.0,0,4.0
665,0.004643733696780751,0.2173837169224187,0.00592152841887002,8.837737452233577,5,21.0
718,0.008619103146160257,0.3198600542935237,0.006191382462999865,19.359858724664647,11,66.0
767,0.010708343736647075,0.3991754532263311,0.0016398107100733194,2.0,0,3.0
634,0.013596637781181444,0.42953579906596323,0.008450881648771157,20.85550529377772,7,90.0
606,0.0013938964309980757,0.11193082702387999,0.007257565893961445,7.0,0,7.0
324,0.007172781328092362,0.3214388488892365,0.0010105997269370638,1.9584534607521753,2,2.0
346,0.00297076283829305,0.09045951654672016,0.0059730574913028625,6.0,0,9.0
850,0.005699261049070184,0.13502924308218658,0.0023572662734192905,8.371720530221882,10,29.0
201,0.013345249003857997,0.257550060326391,0.006253704843991507,6.0,0,9.0
402,0.015287242360596098,0.42813566612265147,0.0049816251692503324,5.0,0,15.0
543,0.007213062805719173,0.2108467495916281,0.00829027907227089,8.903765262299034,1,25.0
107,0.015603095040138551,0.44966061555178194,0.007590407490855283,14.969940998271355,12,74.0
836,0.01667180261379402,0.3307741387921458,0.00732712127982544,63.06300035131705,12,356.0
959,0.014034940359626795,0.4333721909018367,0.0010319042290734576,2.877699996775668,1,6.0
434,0.003692140330980718,0.13756425999585323,0.001100856099776416,1.0,0,1.0
494,0.005052762061100923,0.1758008480743518,0.003970317605743334,28.701320081454465,29,102.0
784,0.008615176478020884,0.29966481197116307,0.0011680927111094375,1.0,0,1.0
395,0.0063808407389682725,0.15676709329599195,0.0052864605885683475,42.997231349790034,39,239.0
889,0.009760595072999314,0.24302851482304513,0.008425535378899214,9.62140690863213,8,56.0
169,0.012716126506094497,0.2848393695882798,0.0028248173411747936,3.0,0,3.0
551,0.0163542715734951,0.4500881464240715,0.006704647969878634,13.841430053572848,15,54.0
30,0.001379338035992516,0.07435415527671167,0.0037409578197348443,4.9759315664703445,9,9.0
455,0.008640128658107815,0.35635683533653534,0.0025985092742194602,3.045293708484057,4,10.0
647,0.003018434404138731,0.17811369073570027,0.005497624733784942,5.0,0,5.0
360,0.012559836873075547,0.4661315614151113,0.006760668893274377,7.602600970621624,1,10.0
806,0.008073939206727455,0.4134341578598515,0.001771079474296932,2.0,0,2.0
241,0.014356349963757627,0.370410975880816,0.0026645143563507525,3.0,0,3.0
413,0.010855873146077753,0.4106176802408831,0.008963065543888378,9.0,0,14.0
119,0.008117115671734981,0.3719982222605839,0.004415577072180737,4.0,0,4.0
424,0.009654892875320509,0.4265133908212699,0.003517604453469815,4.0,0,5.0
594,0.0063217286650118255,0.24073116812129675,0.008290674677803799,14.809968817737712,11,43.0
356,0.010083903570045002,0.41478849292691955,0.0019613407431684736,2.0,0,2.0
408,0.00394079821774782,0.12652625940382115,0.006468775210202788,9.158352069812377,18,27.0
826,0.0194850028904928,0.4956120947184094,0.005221706541714687,5.0,0,13.0
532,0.009190642019192107,0.2491429307299248,0.0029872086496432427,6.317998199882214,7,14.0
800,0.009746282094412142,0.4665381665148595,0.002002112883949795,2.0,0,3.0
946,0.003991211616692472,0.359599572907091,0.007355219317786451,7.0,0,10.0
841,0.005143105696251171,0.1955443871781837,0.004853869342714342,5.97520354160042,1,11.0
658,0.011134151374757206,0.30913766694670447,0.007245865771111405,9.82247226671199,13,29.0
581,0.006268573878413427,0.454001749958023,0.005877975572297892,6.0,0,6.0
425,0.014648997487553652,0.32978024084230406,0.008584238536920967,10.748801015476909,1,22.0
321,0.012804311229258108,0.3927846477829436,0.001001027672329092,1.0,0,1.0
761,0.00751506643879732,0.4347312811223045,0.003249338685364925,3.8814452606191576,8,11.0
0,0.007916200239451103,0.23168812158450555,0.002772215381327487,3.0,0,6.0
678,0.002845669405833457,0.13930924706525508,0.0023056147732659752,9.944950608390089,68,34.0
156,0.008361003439860133,0.23771383672327048,0.0038285934139679757,5.710571313940288,1,12.0
28,0.003823311226137614,0.2473537910948098,0.0046003952417442906,6.698888287102055,7,20.0
769,0.01071073884360928,0.3101293855470001,0.005139622234314299,13.389030072126605,6,99.0
763,0.013802070739138493,0.34584913028921516,0.0035757965829892467,4.0,0,4.0
426,0.011568334662916957,0.46528788988347936,0.0060542660541639,11.39159423011077,9,52.0
570,0.005303039154904551,0.46496480426089815,0.003432912865448258,3.0,0,3.0
666,0.009747131612242705,0.36057123657708284,0.0011941840023629976,1.0,0,1.0
966,0.011210478430677953,0.25488450340093133,0.0062322713135773864,6.0,0,7.0
903,0.004219442640186674,0.13820782932648804,0.009423832716667776,32.468018785629845,36,162.0
274,0.009117766875472827,0.33949877672078277,0.0018710504984980315,2.0,0,5.0
599,0.0068493928117051,0.44327643734427286,0.009932063868583656,10.0,0,14.0
101,0.014494755416216898,0.4744808181221431,0.009607961713229824,10.0,0,22.0
71,0.011439796207558488,0.33778990474655074,0.009372344229916145,11.542339109167884,2,25.0
646,0.004923066791545829,0.25160784217667315,0.006054361605194426,6.0,0,10.0
77,0.006972311450684897,0.26988770646749694,0.009267332202682752,9.0,0,11.0
546,0.01224704501528983,0.3716161242664781,0.0017851167124106784,2.0,0,2.0
886,0.009585927058386318,0.46337329494061474,0.0023723943940132156,2.0,0,3.0
746,0.007184614494873247,0.2844558984954373,0.007996299264785635,8.0,0,9.0
694,0.019224130228323404,0.4186764598350206,0.005047948274420773,34.31991963906939,11,255.0
92,0.011443559290882513,0.4265991074580247,0.0074797651492193385,7.0,0,18.0
373,0.016608580758967442,0.38959180170772634,0.004263084294397593,37.999487899671024,19,215.0
259,0.006253322493668811,0.2010047289428163,0.008061426672644218,8.0,0,9.0
497,0.005678258562642227,0.240376175185177,0.009446981901065214,9.0,0,12.0
799,0.010836522778119277,0.4145129240759839,0.0029877709988226043,3.0,0,3.0
164,0.006977494828780381,0.27081626193400843,0.0058105959804869095,6.0,0,7.0
244,0.005380690146802342,0.2446041288047084,0.005908694330418171,13.796500573587084,25,82.0
307,0.009382358968545286,0.2598131023837029,0.005939128323727363,29.445325090062166,35,218.0
685,0.0010385609606493257,0.09844930150558498,0.0018154065189583644,2.0,0,2.0
854,0.01582107579775191,0.39237285731397564,0.008436444672951198,26.805301295115417,9,116.0
427,0.012356903424721295,0.4735286637974866,0.006477496230393239,6.0,0,8.0
350,0.010143174161623586,0.4231306170042546,0.007991771932755085,8.0,0,11.0
776,0.013708570099743357,0.3199663982487438,0.0055314782999712035,6.0,0,6.0
328,0.009444053242301173,0.3484545054445522,0.0028081065897031803,7.713547894772904,18,33.0
818,0.010160954915846662,0.4828626588367093,0.008009309278347814,8.0,0,13.0
62,0.004604146471327987,0.16085277933827474,0.0010828656421617681,1.9317453619707012,4,2.0
879,0.008087742908021646,0.3250421046829927,0.0020413304320077257,2.0,0,2.0
731,0.004472199577650993,0.20942252461517427,0.004596771706107366,5.0,0,8.0
340,0.009986111871248147,0.48793034598313884,0.0013236796754646611,1.0,0,1.0
344,0.004045787991830518,0.16369313635891733,0.004660810014657927,5.0,0,7.0
869,0.007638268038519055,0.33934760051536206,0.005356939083450724,5.0,0,6.0
44,0.0089627225801632,0.2878102349785449,0.005217890857100563,5.0,0,5.0
163,0.011474238565782505,0.38018620806392306,0.0030027909888055257,3.0,0,4.0
891,0.0184287034712527,0.44671505732107986,0.006866651306114768,10.41598364444652,3,76.0
752,0.015007210043785052,0.46110920709867387,0.003048150859725013,3.0,0,3.0
153,0.005914681567631231,0.1499803428525494,0.006832745094810436,7.670545509213661,17,27.0
219,0.018875458259512336,0.48463578513226657,0.005783100403190532,19.70583728014309,9,177.0
213,0.0064239218887422525,0.19951237240426267,0.002596653621416414,3.0,0,3.0
872,0.009458695139566146,0.27438009863272933,0.005277161895625231,5.875284036893665,1,7.0
12,0.014236375323783673,0.30575794809948104,0.00850605461941375,33.094951754008825,21,237.0
56,0.004463195370598421,0.12756747414234088,0.0061511063962459206,6.787038319735508,1,10.0
794,0.0008568834579667031,0.0290821702700668,0.008478514794462396,8.0,0,10.0
795,0.006817038226421792,0.2050438839796974,0.00474442182169697,6.779613834009916,1,9.0
305,0.007540908467859122,0.33649290976209784,0.002272428611536053,2.0,0,2.0
557,0.009628374107822074,0.4357620907042552,0.0032682588076580477,8.656555624115043,3,14.0
331,0.0053683505510886895,0.3759586851205492,0.0033639656773287877,3.0,0,3.0
330,0.006839016218579335,0.2856148355574237,0.003420847162852128,3.0,0,5.0
288,0.009390126911450079,0.4187785523548209,0.004943834747794666,8.105423337640202,6,19.0
326,0.008066699493774135,0.20452923125686953,0.0066493328617951,14.137404004043823,14,32.0
225,0.0067441609201391904,0.3056483533509225,0.0011847067102339981,1.0,0,1.0
735,0.006155026784956788,0.24494359642740773,0.001827545267003212,2.485386575838356,9,4.0
555,0.00802567551167966,0.4769123464079618,0.00520104479000894,5.0,0,14.0
808,0.013667858533984846,0.4841770024654845,0.00798562283377374,8.168734885255756,1,10.0
973,0.014556485780637986,0.48657131975213774,0.0022007907294104927,5.736462260238612,3,13.0
804,0.008094865191744018,0.4241549364978404,0.004774168086875611,5.0,0,7.0
710,0.010885870248250195,0.3178727590481762,0.00400976335456181,9.720923280688996,5,25.0
299,0.012057063916513707,0.32626191281824424,0.0019239046654279943,2.0,0,2.0
632,0.0014346945741319167,0.04526527004430435,0.008345123842576253,9.06929540549123,5,11.0
876,0.007681248325983619,0.27272966734471793,0.008996001726880162,9.0,0,15.0
789,0.015910765283346052,0.4495152294656586,0.002808394894609546,3.0,0,7.0
559,0.007500786520033327,0.3296087398494527,0.00372704901510663,4.0,0,8.0
553,0.01710381805130993,0.4564279999674264,0.004831576477292097,5.984974399640435,2,14.0
787,0.00320754705533379,0.10679219202120459,0.006351139762463505,6.0,0,7.0
764,0.010427044009226399,0.2575220137691569,0.006722433317816006,7.0,0,10.0
312,0.006519984195237137,0.17786088854542714,0.003153405548830219,9.734653731668974,19,40.0
204,0.00931599811013862,0.29871882410472095,0.0023005473448740057,2.0,0,2.0
217,0.009966577884529215,0.43435733712586977,0.007581833318437551,10.343271756267976,2,21.0
48,0.01161175627302161,0.4181759201974736,0.0062363598920044385,6.0,0,7.0
696,0.011465926034302755,0.49615963258612716,0.009354998020726231,9.0,0,9.0
772,0.003953399598678661,0.26863232572231033,0.0027391787144017037,3.6429255695905374,1,4.0
14,0.007366834682025437,0.22087107429658978,0.008077757834879769,18.485439286188356,66,128.0
985,0.012591335967282203,0.29030130009398336,0.0019296127618759575,76.75992837253565,18,319.0
881,0.006792572510112939,0.29502193993415177,0.0010328148382817474,1.0,0,1.0
577,0.013031606633330983,0.48759514811581856,0.005037878518696876,5.0,0,5.0
791,0.0013680923220425211,0.04847468954246178,0.0034323418963509806,3.959542857669274,10,5.0
176,0.008614199024390055,0.3763966467744814,0.0017958337457470307,2.8085714500665446,3,3.0
394,0.006198664336243836,0.151585907846933,0.006543261675600334,44.99845239628955,29,258.0
173,0.011074131193790507,0.2881419879374868,0.0070906279356880925,7.0,0,9.0
640,0.011644655033095998,0.36311166098814307,0.0034777585445516417,3.0,0,3.0
741,0.015008181611080057,0.445964400197777,0.007453113838624105,10.859425082712288,9,45.0
614,0.008710218104534906,0.2207586612309319,0.0052320475148272165,28.0,79,182.0
615,0.008710218104534906,0.2207586612309319,0.0052320475148272165,20.377914733935476,47,140.0
512,0.011351568381661728,0.3556072136962477,0.001983692668825881,3.8091570891470683,1,9.0
796,0.012290128882429462,0.3224334987183697,0.009330855762982,28.19990883801958,24,197.0
159,0.006635229437604576,0.21641310129332714,0.009115810314249602,9.0,0,21.0
50,0.013309338002922857,0.45842769123798394,0.008799973320327463,9.0,0,35.0
8,0.01918801079860628,0.4360793275147042,0.002550104209634277,18.412986917170326,11,139.0
835,0.004419822456159801,0.40589709402642066,0.008632005376782515,9.0,0,9.0
298,0.011959999049879402,0.36083174338237006,0.002094144469046896,2.403811180937777,2,5.0
365,0.01862606292497667,0.4330128271762098,0.008948755519894243,38.95214893418786,8,274.0
198,0.014192099093769924,0.409211274471428,0.004046220287708526,25.8915897461234,15,176.0
60,0.008373458057814078,0.33918269339078067,0.0011769516246184003,3.89368891971883,4,9.0
361,0.01374557804937666,0.3787848903148318,0.0052553468165892295,33.754441862196295,22,197.0
289,0.014194761264620557,0.4129162368889394,0.006573977567457276,7.0,0,7.0
468,0.009868068467030824,0.306524459873591,0.009084899960898602,10.929821190457774,6,23.0
576,0.016796978479485032,0.435318224717177,0.0034235380264072356,3.239236266941308,2,9.0
782,0.010932271202149216,0.39314465154048633,0.003400447225889263,13.761595452259334,13,63.0
749,0.006505001413499533,0.3599408873847584,0.0029906442916842564,3.0,0,4.0
927,0.008214909532735744,0.28730946877337366,0.004928075437098117,5.0,0,11.0
566,0.007864364512342133,0.346249736705413,0.00808163390946891,11.674888052221837,4,34.0
237,0.008428133404713156,0.249579602816718,0.0067108300918389645,10.780245143931783,7,31.0
775,0.008919284291938287,0.4477925184129719,0.00173625872408126,2.0,0,3.0
895,0.00478327187028297,0.25056767287351267,0.007714511974629594,9.216939485111586,2,14.0
750,0.013196896634725163,0.4784211710449755,0.009901030499441302,10.127545801866555,2,22.0
679,0.005179731939558372,0.13383703314916925,0.001565559043404692,2.0,0,2.0
20,0.012681056589805152,0.4260502009032084,0.006043584036310263,6.0,0,8.0
476,0.002395139418573923,0.06704862378930032,0.005756554164329278,26.0,79,73.0
271,0.01170304021726585,0.35335923479276793,0.0082707795305616,8.0,0,18.0
472,0.004217807981347638,0.18066440690579322,0.0061119400220951735,6.0,0,7.0
540,0.008994215656414176,0.40376578851447714,0.00910833447558538,9.427979711436057,1,16.0
583,0.006702543413380235,0.4148110676159918,0.005919043543376576,6.199016107326368,2,11.0
941,0.013939102174947256,0.40458525093215375,0.00740017667547505,7.037529534987491,4,27.0
986,0.004926520901518235,0.2896734817449592,0.0034348907796665287,3.666120229751847,1,4.0
183,0.005257760842537024,0.24581121917882431,0.0031501357708821863,3.786680662184064,20,10.0
140,0.016331205398462594,0.49362325425647363,0.0026897269379031422,3.0,0,3.0
393,0.005331227424621388,0.18437243597435488,0.0069714096646293685,7.0,0,15.0
202,0.012368809983056098,0.49656314378357996,0.005299392675880178,5.0,0,5.0
744,0.007363168237929804,0.3163980017120324,0.008693494573456143,10.191116307572543,5,24.0
649,0.01794987298951541,0.42626623321440255,0.0022614175396822593,2.896060920743938,3,8.0
124,0.007884693933387773,0.3669458191003708,0.0015401923221762094,3.49271715839738,11,7.0
952,0.006339527137663534,0.30779787850407536,0.004417607085437411,4.0,0,5.0
59,0.007880132310827365,0.2643014041482401,0.006287417155776429,23.877876153673494,11,104.0
448,0.004113899834682193,0.30972840112858346,0.00596656498808008,6.0,0,8.0
833,0.016911492188903254,0.3494795254666328,0.007827129151590157,11.307025829714814,9,49.0
995,0.0022177007997824846,0.08282288643773403,0.0010952230989862471,6.807909422798912,22,9.0
977,0.004959302528895399,0.21239828536414385,0.006255440216722854,8.965583672533745,6,43.0
907,0.00276083269616235,0.18093004535960056,0.003658009334415557,4.0,0,5.0
461,0.015390209441554111,0.46064167101573356,0.00849880057972,8.562028221728635,1,24.0
64,0.01586144471634666,0.46201073760511324,0.008272870710979924,8.0,0,10.0
234,0.004735102316041499,0.3279863864150331,0.003030007986149062,3.0,0,3.0
874,0.01113652310063181,0.35979202491602597,0.008890164009574434,9.0,0,16.0
859,0.00988939984957861,0.3793682985346786,0.009687320800785304,12.475087305024351,11,41.0
585,0.015241888768457595,0.3581844135915365,0.006031824007004171,11.859460037898963,6,40.0
457,0.005472877743047977,0.266751251179954,0.005600191256068252,6.810966563808103,5,17.0
40,0.004389587022009822,0.22494109755520594,0.0011751627595017369,1.0,0,1.0
888,0.013110022459023343,0.3321470001603691,0.0038601453719417497,24.206825998880113,20,125.0
662,0.010778819465587324,0.39031981475921035,0.008650547672646306,9.0,0,36.0
474,0.002327495252546746,0.13425302861956104,0.004549989046868628,5.9999534754792645,4,9.0
589,0.009624717089232874,0.3156987885295872,0.006004504573875394,6.0,0,7.0
937,0.017625298482401866,0.4986039555353841,0.0027075554928720985,3.0,0,6.0
629,0.0020439769186432104,0.1339027571180281,0.00611215175649105,8.829650797203188,1,10.0
132,0.011173188539343654,0.3103485116637784,0.00529952756152338,5.840706558593886,3,11.0
72,0.008294279281336551,0.408237491530427,0.008972457379165896,9.259755988594968,2,35.0
138,0.021793706169853804,0.4758805114130729,0.004100996338267143,18.2068874721902,22,117.0
121,0.00533610464207895,0.16440389728376162,0.007230724004271077,17.941769971766558,36,99.0
46,0.00685148303973961,0.32707525561233025,0.005587787562405661,6.0,0,9.0
478,0.0023215226683619577,0.08663811452325956,0.0035931025780003203,4.926904273116893,4,9.0
184,0.00258562447674697,0.1124197474333263,0.007994636632531412,8.0,0,11.0
53,0.014833867679651492,0.38625192442762196,0.00921478827729992,35.02016273839994,17,221.0
716,0.007895818946267376,0.3341207988150323,0.007050036157683831,7.0,0,7.0
33,0.008118551175634816,0.3394348206060036,0.006023069674216256,8.225105135031104,7,23.0
967,0.01341195872004943,0.4465817861212237,0.006214472857595287,7.866149801340871,1,25.0
571,0.008868400017232292,0.4490537230532514,0.003925747854818202,4.0,0,6.0
26,0.009996738865053534,0.2511774827697888,0.006003866157825476,6.0,0,12.0
415,0.009418729974719356,0.3599063856659237,0.00636566919345152,6.0,0,8.0
604,0.012774786136165284,0.48950929207249094,0.00719569797638991,7.0,0,10.0
773,0.014208528915397154,0.4879225808689552,0.00800141560421595,8.488126799665634,5,30.0
374,0.012825143239709786,0.48260669101841835,0.004398817467989069,5.8030458064745565,1,10.0
431,0.009895986272529638,0.4192404291033872,0.0032518150055843246,5.485079420830147,2,10.0
743,0.012549991332527764,0.45465383988723646,0.007286279451404156,7.0,0,8.0
168,0.0074368075360284796,0.39920483852462646,0.004719840490717873,5.5882431021327434,9,17.0
531,0.005578384105162004,0.19213178686361718,0.008027588844744034,8.948438369584354,2,18.0
399,0.004093401501733237,0.13061235240604738,0.0038785845471588677,6.369492128047551,2,12.0
467,0.019264625220253226,0.49289955291130216,0.0033570372153772735,6.9316609426871905,7,19.0
172,0.00553396279978108,0.27473766797562627,0.006060057943564678,6.0,0,10.0
269,0.010122029340614687,0.3048646559618921,0.007205834490314073,7.713042075490794,1,10.0
596,0.00791764201785498,0.3591422801687987,0.007249758302238173,7.0,0,12.0
258,0.005191438087837352,0.13761818470087386,0.005392511571474682,38.4164322786001,64,195.0
843,0.014001414905254927,0.40941230766271103,0.003306922847720294,3.3676315395573058,1,7.0
880,0.004666425216375305,0.16992198689920882,0.0010886541775727895,1.9744157881373512,4,2.0
715,0.008951815039339422,0.32060145108549326,0.006449893983583995,21.597737986323096,7,92.0
144,0.009205983319834144,0.3376932721930689,0.008787167301086009,9.0,0,19.0
542,0.005587016723242349,0.18287138003055867,0.009023568153890599,9.0,0,11.0
220,0.015088770219470207,0.4674606479346111,0.009763379484516931,10.0,0,16.0
621,0.004993377910684659,0.1612758792016895,0.007473945667434643,7.0,0,8.0
85,0.0045140709537747365,0.11186736003453915,0.004039133527057799,4.9705213392666305,4,7.0
878,0.008331754012733502,0.22586081940518377,0.007628945271851465,45.45675982038236,7,302.0
705,0.00837868341410284,0.35389619968741537,0.0014886853298480582,1.0,0,1.0
628,0.002253496434686026,0.06799918586224528,0.008477774071923152,20.98992092124258,42,75.0
724,0.009328308017339419,0.3798363391707547,0.003204145237931601,3.0,0,4.0
932,0.008964559303364653,0.30405798094029984,0.009743805749374087,10.0,0,11.0
226,0.005667726716633237,0.38257467654542526,0.0014657934510415493,1.0,0,1.0
110,0.012764060870912744,0.4459242128176523,0.00784520617890136,8.0,0,34.0
613,0.009595446920252201,0.26646662184001096,0.005167205424649102,32.44511560981277,22,200.0
676,0.0037836138923451473,0.19205716473271464,0.008319212422231053,8.0,0,10.0
574,0.006404708808173594,0.24611592898844545,0.005967922412858873,6.0,0,6.0
801,0.015263284979995509,0.3662064453027395,0.002513621548274423,31.960811586992225,26,209.0
978,0.009545862413991265,0.2300396194485868,0.009854633858009693,11.262208723385656,8,109.0
730,0.013376721127181843,0.4814953496967991,0.00499504152303246,5.0,0,5.0
953,0.01066391653344077,0.22995276501457038,0.005297073917473516,14.353191816345793,11,48.0
377,0.007901663536597542,0.27241956430554926,0.007367663548516603,7.0,0,7.0
351,0.014875165672402524,0.4207031849105955,0.009362613093805032,9.0,0,18.0
174,0.010258836718053456,0.29221377698273765,0.006824407174679532,7.01909364417897,7,22.0
785,0.00840632087999814,0.2834078620346548,0.009895866630045576,15.882590689807236,2,30.0
155,0.006074159636629968,0.24845427357224756,0.006589765965997693,7.0,0,10.0
736,0.005020052019133648,0.21800570167344638,0.00723929377072151,7.0,0,8.0
916,0.009365134683694322,0.2574692825645224,0.005642541965685391,7.333828169215427,8,16.0
817,0.010674175463704087,0.47415736314157264,0.00834089012739604,9.982169561145332,5,27.0
898,0.0075975864457173805,0.21481523943215075,0.00950026020284734,10.0,0,33.0
47,0.006948191649624378,0.2890534314477348,0.006514127642511248,7.0,0,10.0
693,0.010376854859925821,0.40078648361068225,0.006982043189292505,7.0,0,7.0
400,0.012623909791635189,0.34760576663228576,0.008181472997143694,11.142916179589172,11,46.0
97,0.010212312984587942,0.492349307482096,0.00634268525947159,6.0,0,10.0
855,0.017204793518967084,0.41655661683896444,0.008483834369281141,10.950882936399154,5,39.0
779,0.016304325248019988,0.44887964599885394,0.008973440581470824,23.844427988939735,17,144.0
211,0.00931793493022572,0.23703959449275955,0.002367837872912952,2.0,0,3.0
309,0.012839997285772297,0.3731312947934354,0.0028847542623646268,11.969427528055135,5,28.0
620,0.013699196998961478,0.3747805649920728,0.006059396771332092,15.291067340481002,6,40.0
846,0.007400342477874311,0.3491427115825481,0.003774612210784219,6.693055266775222,3,11.0
3,0.012166717096012317,0.4530729655426405,0.0015576468199873803,2.0,0,2.0
547,0.011587516653953887,0.38617594098990315,0.009250992019435968,12.779312806174078,10,63.0
692,0.0025307790581151337,0.18081341567771958,0.009163879005063411,9.0,0,9.0
192,0.010287983818282822,0.3989491478550575,0.007699763081559313,8.0,0,12.0
406,0.012310935157376366,0.3339501225462908,0.007733657211288141,8.0,0,19.0
739,0.00281487530415062,0.09185985371478994,0.003336825368708154,4.9070906743041,2,5.0
80,0.01280126921930892,0.2705643667960087,0.00765508591222784,8.0,0,14.0
745,0.009690198713449592,0.286443223780282,0.003112137093022918,7.921242268409874,2,20.0
419,0.009957709189659115,0.34254139190836785,0.00479409584249537,12.912243670699699,12,60.0
357,0.007319047209668841,0.2617977687525092,0.007792280957433692,9.59201628520873,1,15.0
568,0.009950526670716185,0.3340530197741224,0.008407956680620651,8.080755162213498,11,31.0
422,0.008099160927758866,0.23669731047769557,0.007028945243747942,12.979356004515406,2,24.0
819,0.00740887027760341,0.4523895283470716,0.008545424148729965,9.0,0,13.0
930,0.011189039739719001,0.30971514872702494,0.0033625741960826953,3.0,0,7.0
882,0.011872198849694959,0.4366586616268942,0.00986319309218007,10.0,0,12.0
208,0.0134037597860463,0.3587520152798202,0.0045585584777052875,26.499882413012152,23,212.0
345,0.0036200631662953262,0.15093412567333658,0.006821157027976911,16.87117500711991,19,74.0
256,0.0082349911571451,0.4322651697473129,0.0025413070523066014,3.0,0,3.0
626,0.006421565799060127,0.229963990471808,0.002960004218295893,3.716907792953698,2,4.0
133,0.012097054167329943,0.46021927652066313,0.005289274843399418,5.0,0,5.0
983,0.011067733678002263,0.47749664916895557,0.0034284656210141215,3.8808766835994066,9,16.0
145,0.010663123755282418,0.33971856696025304,0.009104181112447634,35.14436304810254,15,169.0
695,0.019455914828651357,0.44943628805663804,0.0046594323422657485,30.412627070042507,7,148.0
488,0.00993924839083749,0.4725060276209684,0.00792727317352866,8.0,0,21.0
714,0.008763366958899092,0.35790162526803593,0.009741988304597448,15.62489281401078,8,99.0
90,0.006303196549018397,0.2987243648846001,0.004549646621858614,12.436275525466403,6,58.0
469,0.008114108155289063,0.2998207350229763,0.004208867660686052,10.962768061883752,4,39.0
563,0.009612487073288975,0.23718652894518177,0.008085657197625945,44.01169253786402,13,228.0
441,0.016383468076430444,0.39708547226819035,0.009691170299034014,27.822199780578206,17,121.0
108,0.0039146876265653465,0.19289506088037042,0.003232164892488959,3.500347232192836,2,5.0
404,0.013028865130634159,0.4853152100452762,0.002457872917624115,2.0,0,3.0
338,0.014753858168023425,0.48673493906026793,0.009792711932440275,10.0,0,29.0
68,0.00890157837212456,0.2943210179951522,0.008035627013132506,8.611784334424387,1,13.0
664,0.011056864091211,0.3099716467128675,0.008714971442724274,9.0,0,16.0
911,0.0030960289289922818,0.15484719777006262,0.006680812617550758,7.732479513641979,1,11.0
867,0.01644628255048037,0.44422774207533927,0.007971336643990759,23.645470406389613,31,179.0
537,0.014575387785541523,0.2886374063014197,0.005323489383247458,49.46196500869024,11,329.0
740,0.014780364414759148,0.4497413494242159,0.007684187743810388,17.363015955527853,24,134.0
748,0.011936849180527363,0.4803210072175126,0.008285514571388212,8.0,0,17.0
194,0.009358748115537765,0.41246129788767616,0.00701970371535044,7.0,0,9.0
926,0.009134930984206997,0.2768346253392308,0.0013441598016913708,1.0,0,1.0
645,0.016764531026979352,0.38741244909181977,0.004110226351235761,17.586404758384393,9,57.0
856,0.00886226932490346,0.39949627506404456,0.003949857368217409,4.0,0,4.0
58,0.0025111244632878968,0.09544627552530435,0.007730110995578169,8.998579243008017,9,25.0
462,0.012044226320106044,0.4037335400856847,0.0015450522109532114,2.0,0,3.0
611,0.009335566507593278,0.20317124361381264,0.0026328646620947544,4.8026583720381,3,7.0
261,0.0058142883062159475,0.21685963698263186,0.006814864802799932,7.922452132509729,2,10.0
398,0.018848322940164787,0.47765019702806205,0.006395701769649439,38.82885341811192,15,220.0
756,0.010842694701288602,0.40166348374009947,0.007569665928386489,8.0,0,12.0
590,0.012409185797033229,0.31927709638666596,0.008395329143536932,10.435190264059264,1,15.0
459,0.013107589927423753,0.3377362702730227,0.0029925225511717385,3.0,0,5.0
633,0.006776278121065291,0.2206163932772319,0.002581226834370694,9.773837931114272,22,46.0
648,0.002654703442633957,0.09497680561016347,0.004203759704257406,6.718483833673084,29,11.0
580,0.00670635255974265,0.4606444171394595,0.009454421823538454,9.0,0,17.0
955,0.005607078617053487,0.3420149045814267,0.0015378007100842455,2.0,0,2.0
235,0.014953911411777796,0.34842782898647495,0.0024951969431320506,2.0,0,3.0
280,0.008636620258268895,0.28695496823607813,0.004267137357625508,12.048486818424177,21,53.0
923,0.008636935702552834,0.30600912759961,0.001825679903041524,2.0,0,2.0
597,0.014465655790381239,0.49345079146015675,0.0038867611516070965,4.0,0,5.0
573,0.006797613332029107,0.15240920843072353,0.003730713547618853,42.56593814499866,51,215.0
293,0.013149163891323156,0.30370344027527624,0.009738939590538396,62.311387263915755,11,317.0
539,0.007919641722033863,0.194346170262377,0.005594391251381137,48.386855299538816,33,261.0
178,0.0120881543770934,0.321567253030227,0.009226227231138842,31.777369505828123,24,223.0
517,0.008607167064332438,0.34758343940357433,0.002514633103053143,3.0,0,3.0
681,0.004675085225201102,0.1407754144155673,0.0012073700449287772,3.7717125294802245,19,6.0
981,0.015540243982790112,0.4064733416383399,0.004402996186016821,4.0,0,12.0
229,0.014084918810836239,0.3338261089219618,0.0041045371281353115,5.293486523656624,1,9.0
353,0.0038042647425352845,0.16855073692491235,0.009619132363871446,10.0,0,15.0
84,0.011712810280533219,0.2818656900979083,0.0026333433241617537,35.81717867372513,18,218.0
777,0.012932235789651338,0.32435756501987356,0.004697119953911294,5.0,0,10.0
659,0.008329740170488811,0.32932562646648345,0.0033098845945309352,3.0,0,3.0
560,0.01556154970055372,0.3927622392894904,0.0023255381045425,2.6174818283998604,1,4.0
871,0.009748977828671013,0.2377836319468984,0.005881594522909158,44.776561048352,22,252.0
778,0.01784247581852938,0.42142604342381146,0.0020227185112229123,3.803665050874562,2,4.0
282,0.007797840842946679,0.396206140254307,0.006593960259124947,7.0,0,10.0
523,0.014850819798642221,0.3784303296933165,0.004853023770960097,5.0,0,12.0
438,0.008907349243631507,0.31023262076571595,0.0034810166111286546,3.864687858167497,1,4.0
160,0.00818555935051095,0.35357360307392033,0.009201913704254154,9.0,0,13.0
74,0.008805788960136295,0.3781688399036051,0.009280548631284491,9.0,0,12.0
719,0.011780175812488981,0.40060551471269457,0.004314129784813485,4.885278636698409,2,7.0
618,0.007921612985799832,0.2659002559193088,0.0032774754560226855,3.0,0,3.0
970,0.013594105663799072,0.4862809844631741,0.0010553171069750426,1.0,0,1.0
200,0.008967191249233925,0.48444247297833276,0.00820429689950702,8.0,0,8.0
758,0.009692752428502375,0.3927161786433598,0.007458230575152665,7.0,0,10.0
518,0.008929044261116107,0.2331062843190916,0.003990061976854564,33.91374298592065,31,267.0
755,0.012260416867981239,0.45255638645409774,0.008400784294315681,8.0,0,17.0
979,0.013115452125197997,0.45462267401687434,0.0048982777471725915,5.0,0,5.0
295,0.013784047777870439,0.4642623260416811,0.0036609293528677435,4.0,0,17.0
423,0.0058864744007121736,0.23531809065819173,0.004122095725184896,4.0,0,5.0
118,0.013024871032756223,0.33544811690722065,0.007701976382394227,29.303401458222833,8,147.0
337,0.013121941978345491,0.47241591276039335,0.009569484679537044,24.125172955558973,7,52.0
586,0.013420995985805291,0.2796507422557261,0.008135648570616664,68.72184759243119,9,380.0
948,0.006453367354452919,0.25057160508691295,0.005388035427049602,9.408715030910349,6,29.0
215,0.006438011363346188,0.20839496004951616,0.0033948741875689877,3.5889136847093646,1,5.0
925,0.01784116574282532,0.4761369265943357,0.0024143465678336507,2.0,0,2.0
54,0.0039983178130326815,0.15152640676104004,0.005614303273764317,7.583569857024891,4,11.0
616,0.005227933526730918,0.2575834400304911,0.0061811277067612596,6.0,0,7.0
989,0.016708321872851865,0.44201785660088605,0.00187608486520798,3.989002957233488,2,6.0
848,0.0008051809483676062,0.06079285377979596,0.00654850154888083,7.0,0,10.0
827,0.014352568960265653,0.30866802181149633,0.007401303472718346,57.10788126343115,12,237.0
766,0.008933244805840021,0.23141220867365334,0.006377997134941306,8.761504075329709,4,26.0
446,0.004318419381311924,0.20418682174077568,0.003012815895750298,3.0,0,4.0
284,0.014673769226794947,0.4957623972820205,0.00939661076030095,9.0,0,20.0
622,0.006139466183743956,0.2500915057653323,0.009549398934673473,10.0,0,29.0
875,0.005963927726728696,0.20955963530241029,0.002847445588836591,3.0,0,3.0
99,0.005613101056060598,0.2596850020438551,0.0058508063575306675,10.34501298126223,1,28.0
139,0.021519735922447634,0.48477332067948925,0.0031853217200737607,49.45206490334805,17,242.0
810,0.01929978317072042,0.492390154206091,0.00768358843793715,8.0,0,9.0
320,0.011600066333862291,0.3841294869933063,0.0010005016733161942,1.0,0,1.0
246,0.0103876486207507,0.3319431198602988,0.0024194281610388692,8.196132202305805,7,37.0
23,0.016312502508968943,0.47715476961266334,0.00429748241628217,7.919940039854113,9,21.0
191,0.013843479643456379,0.4193785316870383,0.008609452147065008,9.0,0,16.0
506,0.0039426297048647556,0.13501152267318525,0.005679512165836091,6.17401881775759,5,12.0
264,0.014743862824211617,0.47049953039629105,0.009930181286639141,10.0,0,20.0
825,0.008328349486379734,0.3697818764349524,0.006545385892918698,7.0,0,13.0
465,0.010330493988483638,0.36137276283025077,0.00152746860925656,2.6478357669614643,2,4.0
904,0.004027007345809907,0.20404227774280456,0.008232583225206504,8.0,0,15.0
996,0.003596337066673353,0.2909343404482751,0.0015835059920838383,2.0,0,2.0
637,0.00932049661507534,0.4177476139641756,0.006720629485522997,7.0,0,8.0
654,0.017337019997027515,0.47296650431386283,0.00445039161685089,24.13241608921813,6,112.0
802,0.005641678760116868,0.37951387299030964,0.00233441008581667,2.0,0,3.0
521,0.008952411597705214,0.28679366274029994,0.00903187950213677,9.635470785340415,2,22.0
436,0.0129377654902187,0.35075078982545455,0.007897455954828329,41.71901265474489,19,177.0
430,0.014476018061613876,0.4742833526653336,0.00257855625281968,3.0,0,7.0
262,0.004737768863997399,0.14532526539129986,0.008804404215752617,10.852239748858691,4,22.0
242,0.007510217523925885,0.30081814033874227,0.0054587574935298045,5.0,0,6.0
699,0.011932659063539106,0.49343254115697965,0.004249141428336726,4.0,0,7.0
917,0.006897761502151229,0.2877667532117376,0.003797220105005109,8.959354007977101,11,41.0
682,0.003921388248777066,0.1786789968648944,0.001148190362461043,1.0,0,1.0
595,0.005950505734606501,0.25113922184392146,0.00839527567847116,8.0,0,36.0
638,0.01217120994880467,0.346508327665319,0.005672382532550821,7.666211401467444,1,14.0
486,0.011244775780541533,0.4668259201559415,0.008437805299703166,8.0,0,16.0
103,0.013298708252101908,0.4235165728953921,0.0021252349139066506,2.0,0,2.0
414,0.012752419692004004,0.3486966559662051,0.004197852164986595,26.85582045885693,42,179.0
327,0.01188316308872041,0.3142156626853442,0.003011804366724623,3.5831502036250575,1,4.0
104,0.010696920039218011,0.2930596481373672,0.0051980662864873645,5.3755858482572005,1,8.0
845,0.007799140276447313,0.3411293734662789,0.0027557003630216464,3.2156201356332126,1,7.0
690,0.0020006596152634974,0.09469907082815984,0.007600162711629135,8.0,0,9.0
842,0.004523833792031601,0.1632390616202832,0.006386929725894084,9.76764232102429,6,19.0
443,0.004598162036821663,0.2622835655750597,0.004975137252465687,5.0,0,5.0
670,0.016435910714455423,0.3385531183423164,0.003787795315826303,5.258271777851657,2,16.0
31,0.006086534889847965,0.28595102046854054,0.005230778670592132,5.0,0,6.0
984,0.014753033590735145,0.45956618620452305,0.0017843735671325492,2.0,0,2.0
383,0.016421411199808948,0.42841574678882344,0.008830368970501528,38.766339411032725,15,214.0
254,0.013449931097441171,0.35436644456489397,0.009749857158303166,38.84098285666498,15,182.0
17,0.009794101015935187,0.3350708675565361,0.0020390793762462317,2.0,0,2.0
24,0.004855319310542081,0.22176718419715472,0.006388557152357087,6.0,0,10.0
355,0.010715150391329661,0.42027068131127626,0.003696001997359853,4.0,0,8.0
680,0.004297898754836497,0.160951552703809,0.00122437714962394,1.0,0,1.0
378,0.008835039246606927,0.2994009446427238,0.008351786603121948,8.0,0,17.0
783,0.01435078378403894,0.4093308609411116,0.00105086428933266,1.7583781947115715,2,3.0
770,0.00488684433453636,0.1745130719564394,0.004655537432834981,6.880182209057184,7,11.0
569,0.004502445571104649,0.4747861955109391,0.007840741125861583,8.0,0,9.0
460,0.011234971601679484,0.3326774932285137,0.0045774212297621285,28.23245476130702,12,145.0
19,0.0036439999740633744,0.1566584385456319,0.009333327344275864,9.0,0,14.0
162,0.013324775230270822,0.42786291451269415,0.005475318828792881,5.0,0,5.0
16,0.008709973946338002,0.27925050190607675,0.0011517568516009977,1.0,0,1.0
900,0.011368267326079179,0.40435288784514745,0.004719435258654769,5.0,0,9.0
308,0.00667851217957434,0.27877065294968423,0.005564884667681409,14.002690784664617,9,48.0
969,0.003210647576546549,0.2397948530882979,0.009715471062074238,10.0,0,13.0
496,0.007173588052351416,0.20991222148812103,0.009341131725836678,27.18994794184173,14,123.0
325,0.009337439886331138,0.36119998723264685,0.0038136346674360845,4.939779659962491,3,8.0
73,0.009142582293245652,0.38757258195197253,0.00195539526409324,2.0,0,2.0
75,0.010663796026350179,0.36345045219086625,0.00887299977705424,10.795410484015695,1,14.0
516,0.007392262169820235,0.4367651761252927,0.004701546356745318,5.0,0,5.0
832,0.005429562707739623,0.4263223574270267,0.0053441071496327965,5.0,0,6.0
962,0.015359348411610027,0.4638098476840418,0.009629144135706631,13.339920317018601,9,52.0
578,0.017077858756047226,0.4126528989435908,0.006718850042769719,7.0,0,13.0
914,0.02123411594280601,0.48010763064951134,0.006590512414237609,11.140852359666583,5,31.0
703,0.006569088620122862,0.19892966057957534,0.006530187061366143,7.0,0,8.0
283,0.014827224631746499,0.485132866112825,0.006830012868675162,7.0,0,7.0
575,0.006247553778474181,0.21246266355133292,0.007027035215407274,7.997410484906074,10,14.0
456,0.015317758443956064,0.38147459976539916,0.0051626558828216824,5.0,0,7.0
700,0.01286602492052742,0.46560900573957476,0.0034329744796529555,3.0,0,3.0
641,0.005951562040150949,0.3363089044648664,0.0027490041274178165,3.953272194051791,1,6.0
466,0.0023442870264511542,0.10416570238440637,0.00940177419191766,9.0,0,24.0
660,0.011464720814807695,0.4230377138717639,0.00214062251367228,2.0,0,3.0
686,0.0008036033936363893,0.17276396231670937,0.007723395377972212,8.0,0,9.0
728,0.005451618593350754,0.14280274558953465,0.0059453520974047,17.712332954361003,28,94.0
27,0.011194327346215317,0.27873043822384735,0.005387251860147032,60.96528234452518,33,256.0
249,0.00550649225261063,0.20282610478081534,0.004608359319817193,26.497920064512243,21,114.0
292,0.01687126619016797,0.4094536583066376,0.0022676329187002247,2.0,0,5.0
477,0.0021367216430634296,0.09077621650653407,0.0036940315379038616,4.889556640934098,4,9.0
265,0.008838052369323762,0.2894253032696503,0.0015937446112560373,2.0,0,5.0
820,0.021156191097114335,0.4630173436479293,0.002782961596930154,3.0,0,3.0
247,0.009131371569489729,0.2910631903000244,0.007181478661280708,7.0,0,8.0
733,0.020289763745686393,0.47689955947479157,0.0020645046043758254,3.415942176235164,1,7.0
228,0.012059458034301909,0.41888652334859167,0.002936381958874367,7.392240830867076,10,32.0
697,0.01142173698619907,0.494201547545391,0.005406346143633695,6.721296770612358,1,28.0
657,0.019835670102437166,0.49062045083490574,0.0016453140715776125,2.0,0,3.0
877,0.008246730356810941,0.23459140632823583,0.008805284013267443,9.0,0,9.0
294,0.01567833808591423,0.4730846685235057,0.003703614351898383,13.551820920621937,5,43.0
22,0.011083378290209769,0.41291288344939214,0.00985886364099624,10.0,0,21.0
210,0.007299205968109729,0.37604673518870424,0.0017529498535717946,2.0,0,3.0
89,0.011137727881169967,0.3359523807728427,0.002132771519504281,5.155866913163026,9,14.0
663,0.01098473732314534,0.36428559968319607,0.00880759564516211,9.0,0,18.0
148,0.01574773067678851,0.44406661190129904,0.007722701462330672,17.591436117182248,12,97.0
485,0.011058117650289957,0.3907242642089201,0.006608044978351379,7.0,0,10.0
196,0.0073139109574917385,0.16963663304215162,0.007537667237957321,42.979194464206756,65,243.0
684,0.001052975234995322,0.10891886225643237,0.009608363000124572,10.0,0,12.0
918,0.0044172725115968845,0.3625765028365828,0.003649029602176548,4.0,0,4.0
134,0.003979078954094514,0.10227633291687392,0.004837554322788029,9.172885171634917,10,33.0
525,0.014658639061557118,0.43190308151922974,0.005209129262230361,5.0,0,7.0
712,0.012537340407612108,0.3062669181245299,0.008683632786950612,26.001796503700664,22,177.0
67,0.010103411868384548,0.27270736912692817,0.008965019857301942,25.83300515867758,11,163.0
495,0.006961800991611565,0.20221755608801653,0.009264390559050081,11.229177423485007,1,21.0
862,0.0037016816309871675,0.1146022361834228,0.0034718805397882728,3.0,0,4.0
