tau,gamma,rho,R0,true_peak_I,pred_peak_I
0.019936552652902596,0.49032397214153095,0.004762256315739811,2.358277627785617,3149.419362163635,3057.1702473260766
0.016254825324368668,0.42179047365065225,0.0014151362540276544,2.2351853057597495,2701.670837758829,2303.538580307493
0.007357693647677172,0.1818839397815823,0.004224948697935083,2.3462557061263336,2446.041730553037,2774.30434532842
0.002826279198074296,0.567402090074543,0.006920564273149022,0.28890304839513975,692.0,692.5607633413393
0.0027649804231698787,0.4108792703863992,0.009590889183817026,0.3903065355257247,959.0,958.365657831294
0.019229702534352078,0.9696682318020597,0.0014172167031564244,1.1502106704265975,142.0,144.0670935390554
0.001409609319536536,0.1853379944432107,0.0056463011960175905,0.44112563524134984,565.0,543.8563666461387
0.001637476756143728,0.3659155562612849,0.008475990651546124,0.25955073576735155,848.0,875.3734116801429
0.012375907971470153,0.794037806777126,0.009878953106358626,0.9039905357387408,988.0,964.8403863463484
0.017852784360743255,0.47351825848919005,0.001688722994146936,2.1867403724343344,2379.2228081365342,2036.5995708633125
0.012151785047846043,0.9508348821474591,0.007778097550650011,0.7412470303816292,778.0,761.6106211108698
0.0049036525816723514,0.6363607663821672,0.008838876410166233,0.44693492239305105,884.0,880.5460288835349
0.012077543486945879,0.38141484955454985,0.00761968139519441,1.8365764286864137,1786.1942502826212,1488.276816897874
0.011765877203042797,0.7019767343075586,0.00812325314277738,0.9721417312350578,812.0,802.3162925729184
0.019128965035299556,0.7678418691342237,0.0037124778786443383,1.444932891323526,585.7382120831268,473.79318902073805
0.013812345303511967,0.9563924194459711,0.0029061346317282594,0.8376436401156054,291.0,272.61213558358423
0.0035368941832963022,0.3590632354973865,0.0036365960773326335,0.5713195959675985,364.0,401.148254669466
0.00229105045870571,0.3193781487025283,0.0030907151621130946,0.41606142168698484,309.0,349.69936742746245
0.0008636169132272037,0.9624729225637828,0.00681770343832771,0.052042794963780795,682.0,636.7727158986733
0.001249651721725245,0.6510976856106883,0.005712945858025201,0.11131939409688234,571.0,559.7705533990559
0.005129749560643142,0.2985052776448131,0.007274789180151697,0.9967176354962918,727.0,765.8597428498687
0.0044509295311764546,0.6596961437328295,0.0078008903697577535,0.3913224524058825,780.0,783.9257629575545
0.004819726877303515,0.20937559421424193,0.006628262937059716,1.335132492078148,663.0,727.5551999669165
0.016111494224330884,0.42224595218747046,0.004843266059881203,2.213086141312026,2604.6993869971843,2497.643614451238
0.00797872451042193,0.5725433062066525,0.003533877755406796,0.8082637882372555,353.0,369.65708668392847
0.009872255530645179,0.4338576880508872,0.0025485314078987934,1.3197664500306403,318.193945598546,274.09211562039127
0.008306313494638494,0.7713910919176331,0.005837222373003693,0.6245420613963666,584.0,564.2588226883025
0.009013930999942611,0.736308551293718,0.0002896135822312192,0.7100392859461986,29.0,68.4800963822409
0.011705472499568211,0.7516247580820683,0.006922333187449655,0.9032664207434565,692.0,702.6481867851523
0.006296002622796382,0.513990359700496,0.0028557221919997006,0.7104572006661272,286.0,289.805617675079
0.0017282479068383236,0.6331910446422956,0.00836826950938722,0.15830669028689404,837.0,827.9650706520654
0.0012768152353726065,0.7637435315052846,0.004408563612376098,0.09696354940729048,441.0,422.2119110106253
0.0017931819306956144,0.8019538941910134,0.0005875472805389048,0.12968894188769076,59.0,75.73050743310222
0.012583768993162539,0.4907999148478629,0.00821491743285327,1.4870797233729496,946.118078741364,805.4607719597213
0.0027055519071718936,0.3771180768852293,0.0011195111348161022,0.4161084292539148,112.0,164.71038613651535
0.008235860243667154,0.8499089924205153,0.002414128874475757,0.5620365220189951,241.0,236.1761587984759
0.0021049681838720916,0.9069734636534762,0.004225162714446315,0.13461050356730953,423.0,400.2570243111849
0.005609559626186606,0.6788670741683008,0.0037150400209147692,0.4792609196983431,372.0,375.29119578451014
0.012686886973275554,0.36209840886038547,0.008853688260517122,2.0321532115146637,2156.475729546328,2227.0926720143552
0.005301846236544795,0.6168157154791075,0.0059770680949551395,0.4985396351011323,598.0,598.3174166688331
0.00036168993878451226,0.6474461665107251,0.002058626430153358,0.032401174853746245,206.0,234.04854795026392
0.0022430241923392796,0.4332857557244502,0.004110534970689688,0.3002531272650765,411.0,435.4509305759667
0.015638482027415298,0.5474548405726345,0.002945601677036809,1.6568160337048754,696.9504366988795,709.560433821969
0.0065626040510441104,0.36397849745609506,0.0044892298817918634,1.0457514320786823,449.0,406.0631187847919
0.0012063885860770051,0.3634220878003294,0.007221646762181727,0.19253243086014452,722.0,738.0543395730512
0.004619387239923053,0.3302911358038571,0.005563511692257504,0.811176658627144,556.0,568.4976447009966
0.018445577621109096,0.799915185453213,0.008301642213283613,1.3374461711439813,830.0,849.9935393572339
0.0045092238735705194,0.16550064661057537,0.007220988868703692,1.5802656365596233,954.9866293825775,975.4641278090824
0.011925329539411568,0.6811488223788076,0.0003797928945666576,1.0154449226973965,38.0,61.88848140546099
0.013412590195719172,0.8841905294470919,0.006338797382335263,0.8798219449807642,634.0,615.1004933646633
0.017204755149582165,0.5731898261711055,0.0020914579847559015,1.7409168012306715,1076.6071234678545,782.6685755125757
0.011490310132434763,0.3166899257208661,0.0008682399039264443,2.1043864472929963,2049.2207130037687,2047.3177213355243
0.007153471800066029,0.11415170704306836,0.0014354270853589035,3.63464879458431,8170.667903109927,8548.236176943074
0.008175682427151975,0.29921948004185955,0.007037861254596671,1.5847550457225494,1107.294021440514,732.4374582049467
0.018467686805132687,0.7610963080256733,0.0089274834322918,1.4073459868387177,893.0,898.9003039646434
0.008936632921909647,0.3834641870927367,0.007066643299674346,1.3516900063092678,707.0,682.6341311136579
0.006162464058005779,0.3187780144428654,0.008800390888404919,1.1212282502888735,880.0,928.271404687388
0.01998154667350664,0.9149298044189551,0.0029480087495821427,1.2666870195570763,295.0,274.47332397196175
0.01601060073379253,0.28882144220689904,0.00961712574655102,3.215186640799154,7103.844773538202,6614.078044812624
0.019967496164709584,0.8637265741978735,0.007192291172953633,1.3408349495656946,719.0,705.6920647260937
0.010505195178975815,0.6645689721591862,0.001828683112106849,0.9168368459950452,183.0,161.28685743923023
0.013484362402204788,0.36062263238957004,0.0044308756580886165,2.168729716561454,2343.6849569337605,2203.710975763553
0.00209870069196825,0.6158050376118396,0.009579759387401585,0.19766749652815474,958.0,925.5742453816488
0.014987772304203032,0.44386543638281845,0.008496850826316318,1.9584556993846283,1932.125200182191,1861.0398624095828
0.003927944719970644,0.3060193015330537,0.005562154451753096,0.7444654393268394,556.0,607.4216112245525
0.005345667524900102,0.20967593563946854,0.006202138507878997,1.4787043420057766,842.0778846340191,705.8698218957893
0.008618746874195154,0.40001774392769346,0.0043547513564336894,1.2496628619396388,435.0,455.3596786850372
0.013746591661446022,0.38248902675592433,0.007068955781453229,2.084510301187405,2002.4612763568591,2119.2438185556275
0.006124421207073372,0.36691165349694266,0.008228508560580279,0.9681252329403474,823.0,854.0800520216367
0.012300572134393025,0.9819151403691402,0.0029226144945172956,0.7265731573571501,292.0,271.0976275848518
0.012873660889596263,0.9397170402390442,0.0032970624995170782,0.794571450366214,330.0,305.28438100896835
0.006854552927820045,0.34168199477516387,0.008596219857454316,1.1635499554934718,860.0,890.3616219403264
0.00493133092815479,0.9119247230107133,0.006070827280424832,0.31364123223756235,607.0,574.4825842670074
0.005960474163398675,0.7330621097352286,0.006155410402649026,0.47159373931083104,616.0,606.6396562388701
0.015055954655551217,0.8291106795387121,0.007655405081637072,1.0532313617137503,766.0,750.5539070676886
0.013307020917835042,0.9338943870148892,0.0021656680732091826,0.8264395031877704,217.0,203.55173797974197
0.006610360997212484,0.5185453936596349,0.007455137478614293,0.7393777719872726,746.0,755.18600337431
0.0040662953961356696,0.38667737437516786,0.003952368519766851,0.6099274190970472,395.0,420.5505746404146
0.018270514103348994,0.5451721715890594,0.00789531385480812,1.9437709281922337,1921.6083646951056,1654.3723052649325
0.01727786187956317,0.4642801722295055,0.0009181797692060243,2.1584294332502583,2255.9516847351006,1863.1330266474833
0.012416203813224447,0.9049546476593959,0.008845351802148836,0.7957744877377125,885.0,882.4406069122012
0.017518504264669797,0.8906061408853633,0.003658063248342829,1.140878330729627,366.0,405.5144885222211
0.008905360882787141,0.5520802457111319,0.00598297267508335,0.9355722020742455,598.0,601.1000678425517
0.017704598064469963,0.2999223059789203,0.006161283360266438,3.4237756487889572,7281.761871091679,8011.006001888433
0.013052977606820124,0.17212907861861632,0.009250450987658372,4.398284748116273,12050.87889667647,12368.681825748583
0.014706532797072933,0.7046979762577883,0.009445120406159812,1.2104176980326655,945.0,921.387143952422
0.0021187311633195332,0.51809672071783,0.009402383255886243,0.23718815919597436,940.0,926.05619144107
0.016646978161559692,0.7950294518590594,0.008748310552549746,1.2144515289499334,875.0,899.5450316258465
0.01143271678372044,0.37858320161717146,0.008660745147209043,1.7515240259559084,1125.9404338013812,1336.4970801423685
0.00435323637972059,0.11343612486208057,0.0020840908856577032,2.225813957685677,2234.151033937006,2477.4720611660246
0.0005376621232845571,0.9198225548607643,0.008986927682370855,0.03390262935575087,899.0,800.1406971977888
0.006227165726537135,0.42695124091356307,0.004398600005653829,0.845941122846565,440.0,408.3934497397712
0.009088678538906273,0.6273638883413051,0.008040829568493705,0.8402513518116009,804.0,812.4387204061999
0.006565335668071301,0.8749275065476915,0.007305691989196427,0.4352240224457716,731.0,705.4090106034377
0.004687040345808692,0.6088617919880721,0.002036087660699422,0.44648612153713496,204.0,208.73883945012523
0.013359840810596916,0.7620868331722895,0.00282976909569327,1.0167749044936476,283.0,255.04270571277908
0.019115564840182047,0.5863718775060618,0.005536498305883923,1.8907843354392404,1540.482953985104,1526.876347958038
0.005528567578323894,0.7448823233546238,0.001301274038603987,0.43047996910261943,130.0,127.16723967524308
0.016345890889414877,0.5516117114005421,0.008865577059471713,1.71871200700024,1106.624456075797,1192.09549528494
0.011750928915444957,0.2958206976623234,0.009951394016325592,2.303942497876856,2849.8433960436596,3439.2871014124275
0.006878970744174455,0.9808598423917143,0.0060868247546856874,0.4067658659459955,609.0,579.6086497155078
0.004336883993853896,0.07361327885293738,0.009119044715260564,3.4170366483205337,7669.778773038978,5996.977804033064
0.0038145339236426816,0.4582129042447875,0.0008097678853296214,0.4828387972528217,81.0,123.23332388075738
0.003316565819235715,0.1816467867040398,0.0056317512625701435,1.0589827709371387,563.0,563.4747634077007
0.015525749500953886,0.6992036523401244,0.008212067532338607,1.2878843925393064,821.0,814.7822880784513
0.016586742783732532,0.8714782110020602,0.008811893320416589,1.1039072111169657,881.0,884.2084859624429
0.00535050756449483,0.4187303549508388,0.0024068710814997133,0.7411199954135985,241.0,232.0831172760873
0.0009287103321837145,0.8876722242220955,0.0060598411047500115,0.06068140671390251,606.0,567.598539327771
0.00665379248707682,0.8720485830140657,0.002866176106654537,0.4425441102336277,287.0,273.4013982986534
0.015583590000295166,0.5515397372969697,0.005804033860599667,1.6387726194431098,966.9988153824515,1073.8091409252524
0.00571060008250441,0.6661572159095321,0.0005677116485290558,0.4972021572010362,57.0,68.73385631099342
0.001125832031670027,0.8359079881064377,0.0029622442485942395,0.07811656159044507,296.0,268.8234151113224
0.011034043842650611,0.24910222628986797,0.003977261578922704,2.5691241399385514,4024.7887351436575,3702.3689676539916
0.006085309393126086,0.318889194036884,0.006574848930145237,1.106804342703722,657.0,648.7751170995633
0.009438046019359696,0.37364045878220437,0.005365721449770532,1.4650626190402647,594.9637267511182,568.6122977621138
0.005850804402178448,0.6315511979232051,0.009277150474488492,0.537322479067823,928.0,913.7544914480832
0.0005852064232035247,0.55053246724834,0.00895413233977821,0.06165298972366244,895.0,845.764399093215
0.019331902069879246,0.534991398704888,0.009761513588136827,2.0958286857832276,2236.860739042658,2158.394046858194
0.007781187739507651,0.9626593906466693,0.0029916929662198717,0.4688147160630466,299.0,292.46263119387595
0.005141121030221158,0.27090802622491866,0.0008840880720453756,1.1006872845666893,117.61684903201159,162.88830431581607
0.0031366040387772096,0.13200811880351093,0.003968896729828272,1.3781200421457689,605.0366822912904,479.0907279909351
0.003097716859000179,0.6690489313415716,0.0073443766076450034,0.268541760408678,734.0,733.1545813249936
0.010362923527974133,0.15284993899745805,0.008619513578361045,3.932285276427198,10022.580585393513,10560.746866232867
0.010185043132368603,0.23822333890510067,0.006709378444010768,2.4797423476324663,3897.428550252229,3484.5075840360037
0.0007881317219710026,0.3732335930943545,0.009421805565607188,0.12247461300398574,942.0,930.632764062402
0.004861907565914585,0.8658774886551514,0.0021843278447867096,0.3256703662096855,218.0,207.80479794254865
0.019597321423737768,0.674222279012401,0.004344205715007701,1.6858604023612875,1247.191442153887,885.61598601171
0.0012915396703290314,0.754556738488298,0.0015275361690957178,0.0992759020735265,153.0,147.5298945343933
0.019839757197565585,0.7797401229319203,0.001195299871402245,1.475755682716449,379.4243488064907,305.03503297891035
0.014249540686970102,0.9945146362712595,0.009170708631431672,0.831031871931989,917.0,862.0982618681554
0.005937802075851739,0.3599581254346787,0.006449848076695498,0.9567571783065568,645.0,629.8678115303692
0.015052125264111442,0.9572393156455966,0.008217452268617743,0.9120219479594456,822.0,785.2526202653132
0.0005153313443300538,0.9721364079821105,0.00547952501510609,0.030745909448227506,548.0,491.7997233399249
0.008184555290515247,0.5250219351809013,0.00018575548951246055,0.9041607122306622,19.0,47.945502110476184
0.0017310301719462835,0.5504027004423642,0.005874157099150322,0.1824114414631181,587.0,577.207584632248
0.0003829136726898199,0.567608263380923,0.0003668262921899756,0.03912732503879186,37.0,123.70574785219537
0.01611605011489371,0.38144523174485623,0.0022017849353025594,2.4504983386161827,3764.186014158076,3306.991610732309
0.011029684257275059,0.7262465703293443,0.0031767314595703153,0.8808601831081242,318.0,305.47412517315445
0.007910481394700138,0.9036693842296586,0.004317429494258011,0.5077165707940001,432.0,417.4023517135569
0.019012507927639637,0.3851001800225255,0.009058703477880186,2.8634768743514942,5581.736797090984,5425.854784793352
0.002930991834337165,0.059971166564961535,0.0034441260516038623,2.834654320212565,4920.060299403782,3040.494259814292
0.014697509217018255,0.5467669184392056,0.003989787291263549,1.5590839640051164,798.1494336020451,691.6535354811618
0.016216378152200686,0.9756890869473686,0.00859270461553036,0.9639852955313167,859.0,848.2379484911555
0.004663504704720065,0.8227936297049615,0.0012434559330259522,0.3287376847712762,124.0,126.53013964298316
0.00917764780631332,0.6467303003285756,0.0032050134051747115,0.8230688627017047,321.0,321.27058272328634
0.00812706429008897,0.6377316973621103,0.0013450351577267957,0.7391348599652745,135.0,129.8714636366691
0.001102962476471734,0.9218993785428536,0.009812884938131178,0.06939132960093096,981.0,834.3653495547935
0.013928869324142123,0.7588862882199946,0.005018475061329734,1.064552665321115,502.0,494.67660990926333
0.0055404253947600535,0.28634736282707013,0.006893653019191753,1.1222197743450093,689.0,731.2226132315425
0.013021148343918472,0.5848051583477193,0.0006837675928383293,1.2914157701362496,338.3193875638352,102.63347663985053
0.01731903304329401,0.5253242415189245,0.004909945739092381,1.9121598379062537,2020.726729682244,1409.9258026125672
0.019079538883674096,0.9576233600768435,0.00871437270639845,1.1555829790579655,871.0,824.41571568345
0.0031459360802584555,0.5518630909116377,0.008157678459608573,0.3306332596977498,816.0,830.2238921535568
0.010856248766584465,0.7314495197769117,0.005771353884772178,0.8608419466239348,577.0,584.7070249164075
0.014063481196853436,0.69287616625857,0.0033430690205114404,1.1772405361005016,334.0,309.0230885071402
0.003164182801559145,0.19256735304388323,0.005451784249846559,0.9530307167311395,545.0,539.0051174368963
0.019605854769126907,0.7201733823061703,0.009634567856950094,1.578980290784926,1024.758216636341,894.7823820021936
0.014258472380172296,0.5152899821061098,0.0037851366744826916,1.6049048628306093,553.0214742062238,682.3092743753158
0.004404987810400242,0.9581010127547428,0.0023541231741959464,0.2666621677693757,235.0,226.22495298959353
0.0009629070766026919,0.14305597959259406,0.002750099039983418,0.3903968963898338,275.0,267.24409816591873
0.01659815375966293,0.7283965109956624,0.00565561471209367,1.3216605290221974,576.9418151886675,541.9989513577862
0.01909409581071671,0.9933220183965007,0.00393889131502601,1.114902857795617,394.0,356.46173618725345
0.0023538179201024172,0.9491395518146485,0.007858555933033647,0.14383705652654186,786.0,737.6195097753049
0.00367844050983186,0.3608125002031044,0.005231520474260643,0.5913030991169974,523.0,557.1383152008665
0.014138202034109515,0.8183307611357317,0.007666616515071307,1.0020590168702466,767.0,760.3756867063736
0.017912094860297337,0.6672054202406498,0.0012945881711080578,1.557093917975863,752.2559118552413,302.68094539093244
0.005506475186028469,0.5507660544714482,0.007396048113839922,0.5798751724017293,740.0,747.0799705618508
0.0047772882692753964,0.20481008594209085,0.008290750004026005,1.352876340749727,829.0,907.5274985858147
0.012043151254897614,0.45537100245470763,0.005421489997583488,1.533920185999407,827.3045398191609,570.1582815420352
0.015282385740750623,0.9980273034971386,0.0020046412702846143,0.8881303846674545,200.0,198.3809834795228
0.01480091962854872,0.41757873228674697,0.0074927645539268495,2.0557879798014587,2108.611303380865,2127.906766994954
0.003110614289411789,0.20997257557711174,0.007316672573133846,0.8592342513778745,732.0,757.7852687485322
0.008384338746001634,0.9231270996926149,0.006463928716215393,0.5267873161019987,646.0,626.0256745602064
0.0013027497186704306,0.5887552118437506,0.009088300984382795,0.1283376896932467,909.0,882.7951931762078
0.005949976864204561,0.4312177844023845,0.006219131022305356,0.8002885562851481,622.0,605.1307503845037
0.014442473287058943,0.9181188190322286,0.00011483963791426091,0.9123693287676901,11.0,48.58527519052859
0.01428859475555773,0.3979206768576151,0.001064317797489275,2.082672612961224,1967.84166909177,1691.0380171080053
0.01464192858391031,0.5357916417143356,0.0014556798516766045,1.5850039301650345,641.4846310601034,537.4198459025919
0.0004556467817619929,0.6631227896805257,0.005072819921978954,0.03985312185534693,507.0,495.27815413152126
0.00432923524760458,0.733071439313938,0.002336316653498712,0.342525476911308,234.0,222.17364783430196
0.007665606342972869,0.21849468269317596,0.0031997224525703327,2.034855779610752,1482.0995500190725,1551.6407278977422
0.00917813055566028,0.3907412245024171,0.0031937768896022197,1.3623634744610964,425.9716561764032,331.39426768904116
0.009005300203455056,0.6003055959834963,0.00586385690135627,0.8700692035773603,586.0,590.8295991419695
0.014399483318773469,0.2330469196183409,0.009773150307900057,3.583699084530328,8296.62588141585,7875.316540026784
0.012210688902561889,0.48943144028093555,0.005150549869753295,1.4470258713703978,619.493547050521,515.9133734694212
0.0032099967559062375,0.4103382180120183,0.0008823741017065394,0.45372281613093324,88.0,143.14658587391528
0.0036283203874586667,0.5445868224141442,0.002317320547591691,0.3864261377822442,232.0,234.9594593994371
0.004743694360270983,0.9484168705815325,0.00918768721329555,0.29009845926403155,919.0,817.5361116149209
0.01344224462958279,0.5632100047634491,0.001263116620114642,1.384297476823514,175.8704024886423,195.7432595990927
0.0029203800155969827,0.9482185492774153,0.004726412810228214,0.1786318576384122,473.0,447.8763828437544
0.013412993597301727,0.5424081714975213,0.007314172244097491,1.4342586810513331,731.0,686.3550498265938
0.01901983482638733,0.8839671845772188,0.003987574237551591,1.2479540408030831,399.0,419.3649346222681
0.009670229713476346,0.524877583856548,0.005525532333946771,1.0685793042648166,553.0,557.7570061604329
0.010790216385324623,0.3441074507249617,0.00973547629099723,1.8187125824515895,1356.875845936807,1896.8320756538487
0.0004878563220669733,0.9361152792394983,0.007615366730934974,0.030226690352572708,762.0,711.1013020248373
0.017857092537207707,0.619325551941315,0.006226761875571502,1.6723213888261907,1152.6236931462356,957.236201806749
0.009996380051241316,0.7772783430076821,0.005880372331407547,0.7459233210184348,588.0,575.6075765481653
0.006440393885707874,0.8647755867972934,0.006875850621105364,0.43195350455541537,688.0,663.3415260393555
0.0004960591845499031,0.5841589923624612,0.0030686142773887924,0.04925274296906171,307.0,315.0096146606964
0.018248192433711685,0.29699017064830713,0.0005687875181856308,3.563738014779684,8174.463173579214,6468.7332261971715
0.011641496861514018,0.22006348948750204,0.008238404692183926,3.068236441857202,5929.943904974354,6053.964876767906
0.011953887134447717,0.6933115165290823,0.003286673069725245,1.000020102462678,329.0,295.35016299721195
0.003966725513043551,0.6866168335321029,0.004097963363527406,0.335077831653204,410.0,403.07114012338945
0.004461962832938416,0.6830471593197517,0.0014191808225512575,0.378881371189892,142.0,143.18715223666646
0.001885363797810438,0.1655054202312077,0.0008680323356341862,0.6607100850246725,87.0,6.433732051544894
0.0015760823267804058,0.22695273106277325,0.004102509647015431,0.40278332199483213,410.0,388.0958934292227
0.01936507005590977,0.652012374172022,0.007906434071788843,1.7226269128236469,1361.7454292556163,1114.2736172998495
0.0006540202239016342,0.34195185835866654,0.007856306339977682,0.1109313257379857,786.0,797.4637997577906
0.014838833645973729,0.8495251975317756,0.006492938492694416,1.0130980858096144,649.0,633.4901505573816
0.012083932947185145,0.8718360007145322,0.004049677900886411,0.8038990250027834,405.0,413.7162608523411
0.0014575463782406904,0.6885790957470016,0.004734846076414059,0.12277121170262909,473.0,463.68039534801596
0.01713586546071768,0.3071757194161748,0.008333658659238618,3.235542830698393,6887.0499505683465,6806.964894916786
0.003945628489897596,0.049144769073667584,0.0039040448212321085,4.65657803928271,13962.703829207814,6705.22319805621
0.009051200288335743,0.3510301050716285,0.008720573565752565,1.4955116644948496,872.0,908.0665769954288
0.014819817757081409,0.7704798341575959,0.00838765569989919,1.1156027605193717,839.0,798.3863368056961
0.008126939681868386,0.5081574902646465,0.006049770004115347,0.9275913679888542,605.0,615.9566717329748
0.009585780384448059,0.7487225960520901,0.003139859647480739,0.7425650905015655,314.0,311.53028450100334
0.0023860119136605512,0.6482295469235505,0.008110812711283057,0.21348716924289315,811.0,804.2254821315081
0.004630904986582816,0.7031236148084731,0.0013246954864335136,0.38199895945034706,132.0,135.0680955240224
0.005856040130736097,0.8573759592982517,0.0058748123680210694,0.3961509812576176,587.0,563.886622661165
0.019109234378331178,0.68575068645788,0.004125648173896883,1.616236944170065,1060.5257620819127,659.0658173842128
0.006459300974683705,0.6693140023586038,0.009447788380306014,0.5597364692976067,945.0,923.3137462548182
0.012499106883059996,0.8940001586571886,0.0017471868551683892,0.8109038820601225,175.0,169.65811066516716
0.0011496832883775383,0.7103536162091887,0.0019203768210507707,0.0938710371909481,192.0,191.20658636556658
0.01865938507807056,0.6286806467493511,0.0064471414700441034,1.721453237226138,1299.6264617463444,1005.3125032432906
0.011667108907302833,0.5247842072861172,0.004270672458888777,1.2894677607068794,427.0,439.2785895026368
0.0146542630898731,0.45217084299788096,0.00038404619616537147,1.8797038163219713,1311.9178099029682,1082.7403924837304
0.005228864123375367,0.35012953072661973,0.006069037472420522,0.8661769217991697,607.0,598.3675402860641
0.005875126248209395,0.7640814826497145,0.00542881677191119,0.4459698738077673,543.0,534.356849819871
0.0009614656278623562,0.7116488499654454,0.003925997852679224,0.07836028459643316,393.0,381.25992325359414
0.008646669956446761,0.7126953449295201,0.0015463049889592744,0.7036763478839716,155.0,157.1634890432067
0.011223144915347611,0.3219818765705728,0.006648064353719377,2.0216740520408956,2057.7073267895585,2189.9874553139507
0.015013235944040994,0.9798048234579432,0.0036272784182993898,0.8887154501661363,363.0,354.84147634364865
0.007808269147923868,0.16912961699142334,0.00827460121965894,2.677707303047639,4797.617049515962,4483.8043562783805
0.01927928132139973,0.6138702155659744,0.006711552043229721,1.8215549285287131,1069.6323039428999,1342.281615827198
0.01496857710778261,0.7050499894612412,0.005510044318926342,1.2313700946436477,551.0,560.1313960158766
0.0025741467187161754,0.3807420391171011,0.009035607977547083,0.39213035164635257,904.0,919.6438326932741
0.008700689083337433,0.482600233511151,0.004088332675582027,1.0456687166561656,409.0,421.1810805416533
0.008182268488807192,0.3994421244899059,0.0015603703473380571,1.1880859410029745,253.3141116812817,164.4441478884936
0.002049172869826331,0.09046882101962966,0.005026502730629937,1.3137346669317047,503.0,723.1121067783657
0.01498594985201523,0.44928402821887503,0.003362047762971369,1.9346004683555043,1851.2312772463706,1335.7686337389623
0.013084692144865238,0.517131477042693,0.0005517433997196091,1.4675419658113946,57.850699705893255,236.49930758201532
0.004343690883191306,0.6820164942528527,0.004198728400969935,0.3693958626339219,420.0,413.17663705468294
0.013231955735947272,0.8062214413793973,0.001973158719673479,0.9519139448485446,197.0,188.30667303975957
0.010689086440587057,0.13222469198867767,0.007680251001645109,4.688738572422893,13604.271363453998,14389.054819181149
0.013042282382238948,0.9918221131733111,0.00730434901849986,0.7626895671337752,730.0,687.8073123081002
0.00767070116530276,0.5142458386155222,0.0035019289975507795,0.8651517118453372,350.0,358.9325973078651
0.015683037360277242,0.9631959055594056,0.0009358902793730324,0.9443729584458653,94.0,112.79914244732089
0.013216287421839775,0.851850104264002,0.003222083144742029,0.8998586331441506,322.0,312.749624196885
0.005552682600116454,0.7454152939553476,0.000940667181480551,0.43204854182405106,94.0,96.77550476381276
0.00729550271157191,0.5183431375018392,0.009946409707762437,0.8163302003196083,995.0,977.6420077442526
0.002883935284236574,0.3767424699218273,0.00035963560295502664,0.44398563963449317,36.0,118.5506054931356
0.0057913292516205235,0.39431605281638415,0.00033215546328613726,0.8518473802800086,33.0,65.50295452271246
0.014517429344770615,0.5740233425760382,0.005275007175948235,1.4668582957236769,748.8505339041262,714.4263576941352
0.005405091800256349,0.5903046454167753,0.008304103774715228,0.5310737885071696,830.0,830.1539409115337
0.007267846802804557,0.14011163425552092,0.007374734435951246,3.0085661108906394,5556.402397247577,5967.472686577779
0.004381379700381287,0.6296058849456964,0.005623449379659438,0.4036176101562846,562.0,562.9342335672244
0.017556235685434747,0.8860451849238655,0.001448538461567838,1.1492209280982784,153.9941968189869,138.6725369075955
0.004760874191600739,0.7578778892548524,0.0017817805373426326,0.3643472214030882,178.0,172.05427865867654
0.005404660210850999,0.32644566532693675,0.0052704910613501545,0.9602525795997816,527.0,522.463383229271
0.0030827365937402236,0.9450268335479503,0.003497337550684084,0.18919962490976275,350.0,328.6761553064989
0.012431647991125162,0.9809558956767421,0.001681657895364577,0.735033640822181,168.0,159.52312204291604
0.00847497025253778,0.7611697736354768,0.005002962135713444,0.6457800764991926,500.0,487.82314838899316
0.010259833224252394,0.4028373294773065,0.008454144663295492,1.4771975769444219,845.0,831.1398482625672
0.009239211760662896,0.4265782213583888,0.009244731216851501,1.2562157543158639,924.0,912.7484789426736
0.009149062747731265,0.3699360195018401,0.008934477525684919,1.4344254449269003,893.0,849.7934139991391
0.005761210347714056,0.7529919347430666,0.0057042278499344875,0.4437633190339985,570.0,561.8553619025873
0.0005902465496839626,0.14760498944840292,0.006671590868306197,0.23193186090526322,667.0,700.3592334196046
0.00038253330377687627,0.5341992487819995,0.005529252824708756,0.04153306405736457,553.0,543.9376886466413
0.012987094046403726,0.9633198164432472,0.005037059412342097,0.7819328968779633,504.0,457.3292949471006
0.011014455151582756,0.8160773415955134,0.003650290223765435,0.7828159982273328,365.0,371.5213745972728
0.001252125765937459,0.3847896536057918,0.004768113187609633,0.18873504977026623,477.0,482.56959934564475
0.007500356665064706,0.8050255017487428,0.009939397481856958,0.5403812495737901,994.0,913.8987935952256
0.013887052525166414,0.9515644097911795,0.006580833583261075,0.8464472169954398,658.0,634.9998704549012
0.00848071654058028,0.9271714887548386,0.008345163746775163,0.5305184265472155,835.0,810.9933484357224
0.013071702584366624,0.7708887861931485,0.006738152876205033,0.9834865462724545,674.0,676.3727762994652
0.019517343843676024,0.5961294190387274,0.008581057867284858,1.8989264860616935,1710.9890964431027,1629.05860526583
0.004871940133459779,0.9440092497707114,0.0010941512430682916,0.2993323718059973,109.0,138.7225869674835
0.003173612340115787,0.3292572116305588,0.006772913014739327,0.5590447505011668,677.0,710.0780674286652
0.009619425518629576,0.3746603176219501,0.0055927196650850195,1.4891533846493177,793.0584034232368,633.5930636442112
0.004642072458300847,0.7112170968940134,0.006298260261510089,0.3785626129591928,630.0,618.1340280423085
0.01749360345822028,0.38925517841971324,0.00890211324492722,2.6065908864615173,4015.51691642747,4328.3973732521235
0.01758291724156358,0.8875697603246642,0.003868249579908339,1.1489904744362311,387.0,433.5120704743921
0.0066674719699994535,0.6267466263681523,0.009034278277414313,0.6170170815292304,903.0,902.2712055929928
0.013736497261551578,0.8770609477366892,0.009439004845245114,0.9083939300067678,944.0,948.4292121019811
0.004273789378940146,0.8008236034789327,0.006804200493757706,0.3095310663942605,680.0,664.7178776078267
0.009584639176257584,0.6057473830314298,0.008853906548258501,0.9177242655856359,885.0,901.9482813534761
0.002477005034447354,0.6158506711461362,0.0038377124585149565,0.23328105128240692,384.0,382.2340010988713
0.010570547129438803,0.43203125604031695,0.0008394724382097313,1.419091153558198,361.7684436257869,284.2686877657068
0.001693577756780815,0.61950110842969,0.006343688328474607,0.15855905430463899,634.0,617.5740430135846
0.006170443580605305,0.14805065731654854,0.008984337575395398,2.4173194105441134,3099.1603861095946,3456.974855839801
0.015016026973050382,0.6658279488252531,0.0021663906557386676,1.3080399613346632,217.0,196.67115598977966
0.0059307651243393055,0.6638945065733198,0.0021072509969787484,0.5181310792691285,211.0,212.69690720467696
0.00224178992589805,0.7641841095010188,0.0040736457975346085,0.17014723819236072,407.0,397.9497937011976
0.015510858744078752,0.2760342821160468,0.008665941850339939,3.259123469230379,6916.294985700716,6746.444528972489
0.0061129538075627,0.8135780173109631,0.006096370507512094,0.4357926508517267,610.0,593.1340692776472
0.015559628597860488,0.8409961444466384,0.0038784122475687003,1.073082753868879,388.0,383.62830905763974
0.01709730191959255,0.6019955480836442,0.009419336133650315,1.6472605395390467,942.0,1082.5953667931312
0.008034018902330806,0.8394541585024512,0.006213014653234242,0.5550905807250536,621.0,598.304365846273
0.01559084158953519,0.35485654536179084,0.001288061492936962,2.548265838723932,3473.3072625355553,3175.6127805954347
0.011824159876667862,0.4905933788674227,0.005323728774845216,1.3979016072943495,594.0147255938264,541.8531434197934
0.006352474430553757,0.3826437357725548,0.008477212706500245,0.9628891904586737,848.0,876.4327405172708
0.0014446428626910099,0.8499459867863489,0.008415495766565747,0.09858189501298358,842.0,784.4795746347808
0.007910100355037027,0.7606299186062903,0.005200296697131956,0.6031656254500025,520.0,503.7158511419159
0.0020351315072265736,0.3714782524387343,0.009719200259778878,0.3177511109849116,972.0,979.7713749026102
0.015319147121101684,0.493778718374193,0.0036125645294300987,1.7994103430568893,1104.7838635732749,1092.4244593239976
0.002898998976794374,0.7305550556666628,0.0014856591015698036,0.23015642606242315,149.0,146.89180365588652
0.017089325691748782,0.2774139478718851,0.001392382781716704,3.5729309853561326,7596.022869160474,6603.744416357542
0.019157298038196154,0.32700694877791997,0.0027019273683695933,3.3978583341052286,7595.967166430682,7804.384398883859
0.003051618928238634,0.5518573502146051,0.00434488081594545,0.32072400189833794,434.0,446.380530534058
0.006992545565172726,0.9248976647513324,0.008447291578995375,0.4385000181496391,845.0,799.0675409595633
0.015478156722328613,0.7689566639105313,0.0018627494570515285,1.167469029177321,209.53139954285206,195.89434574396807
0.01094136778493063,0.7283648632737861,0.006181000649360064,0.8712657124530128,618.0,625.648027988643
0.00956499309249255,0.8744143906101034,0.0033057462403946,0.6344470142783099,331.0,321.2985982481534
0.005524188868950758,0.43714117920555984,0.0035194875370704983,0.7329507482718272,352.0,342.53074740310944
0.012099354718104256,0.33911265672119156,0.005315708698258006,2.069408380198016,2093.273845532738,2197.187656342479
0.0029034310004015153,0.3278405359335751,0.0009632546053830186,0.513661306536565,96.0,124.94956717313448
0.004433720209833332,0.6164750658067077,0.005167755427215047,0.4171389670623969,517.0,517.5330082939109
0.0151412023868343,0.981852990053344,0.0049456713501907345,0.8944208016198814,495.0,478.6108134775723
0.00848643915875804,0.3352223989012003,0.003968253262307472,1.4683191601198338,406.5286732293084,433.3643924920448
0.004853901985544047,0.9694631001123667,0.006963070208183309,0.29039404916899275,696.0,646.453554875419
0.017571976765794115,0.9782031647678081,0.008926401535278882,1.0418844357940469,893.0,876.4400139614761
0.008483022752938173,0.3020272373225796,0.009189807020658261,1.6290428771658039,1168.4530344532925,1046.4095915414764
0.011625809806451863,0.7597374935673468,0.003185553532397925,0.8875394126042762,319.0,305.4451022356253
0.013487463724151086,0.6609273988546226,0.00944664921848145,1.183598830002252,945.0,898.5585741374622
0.018124521316309802,0.19350140512312372,0.002592747238472876,5.43263360634039,16779.14522607718,17054.005818051024
0.0091173166347004,0.28605709223037495,0.005190535448709588,1.848597287658761,1506.922762958175,1249.553989900192
0.012737034197779738,0.6207447902292943,0.00662881047329666,1.1900993694982793,663.0,692.1164899014564
0.008033432598621786,0.3204489300180943,0.003298087826387347,1.454019804945999,725.8289935051321,374.7602912190613
0.00782194623320884,0.9834563363691213,0.005109876249998717,0.46130454881307037,511.0,487.9069426938448
0.002019316741234532,0.8156515974119892,0.0063688480557387555,0.1435911746672456,637.0,610.4320870458911
0.015722224970960434,0.47805346653184966,0.004566507963338235,1.907504311037041,1391.4735722425112,1486.1810625110284
0.0004539149757105289,0.26563006159512337,0.007755521521825258,0.09911178137412294,776.0,799.4213478043839
0.0027374868409398697,0.7831146192788332,0.008695475710263488,0.2027471239404609,870.0,844.141226749115
0.0010920673039999196,0.21445903117693454,0.0018938404707232672,0.2953473364324685,189.0,158.5619402510436
0.005670639648972838,0.24232058989088912,0.00263701443340026,1.357280864116907,414.3284718920519,354.9337685107566
0.004973436643969305,0.6059583269784448,0.00648333858772186,0.47603822326956957,648.0,651.7980033857896
0.01859679892991536,0.7673080048076494,0.00855804409683114,1.4057123491178496,856.0,866.5274405193802
0.013540607210337318,0.38998157710530484,0.00960567558503008,2.0138264582367666,2246.2690254465765,2143.5074782025968
0.010175060435928293,0.9922692622044368,0.005212678387776756,0.5947513721958384,521.0,502.2613332335301
0.005789331222970074,0.8576021826485845,0.009081226917270325,0.3915349304443827,908.0,873.549492005957
0.009048243878262249,0.14934496473161174,0.007487679549324763,3.5139995906947825,8263.941859914466,8412.68921520263
0.013116651515133197,0.7793009435066095,0.008232285682360584,0.9762156638159815,823.0,823.3750049884279
0.01559307150256634,0.6216161084146422,0.004250267645473202,1.4549142708920582,425.0,490.6912295473447
0.0006453145692639733,0.8018096486507066,0.003297003079014958,0.04667971391999969,330.0,304.7223225032881
0.01689305182718166,0.9632965461716252,0.002848534727954689,1.0171291591052496,285.0,267.43034638264146
0.01758540767380446,0.6737263527316265,0.005352740271311344,1.5138989902135371,535.0,475.7832922498717
0.013914943629029761,0.44269637462573874,0.008941452504952638,1.8230705665164548,1628.0027995302544,1526.1822742867635
0.013844403673235877,0.8796504799999559,0.0066337969145698165,0.9128346215962062,663.0,654.1320172694896
0.017006856678637793,0.19351671207059837,0.005990411194582154,5.097222233711456,15525.107150412783,15665.254972572418
0.013853849003818787,0.7320579206718698,0.0036276702605772464,1.097622496159908,363.0,344.15436589473427
0.018813047625182676,0.5336019912893023,0.005363591003532617,2.0448888498787556,2106.522059108509,1897.69992741597
0.015979738857136973,0.5425696138994616,0.0008941840356490958,1.7082137111454339,778.1929608574292,808.4126531232895
0.0071283584620974744,0.5777307912611523,0.008982151698655322,0.7156357200541932,898.0,901.7433126684857
0.017645780582362172,0.8726149558908253,0.002514054502876357,1.1728601107142298,251.0,253.11337269184486
0.012355763524345632,0.7041577035995893,0.001814300585041766,1.0177184468034337,181.0,139.93522544982773
0.018343119310029597,0.7457649077034127,0.001327228402570216,1.426590214948576,393.5912937271301,324.6611505008849
0.010536325059302737,0.33386850825596454,0.0002616842010089588,1.8303818369447589,1006.504191940694,1274.4133721913825
0.014428846069410285,0.6973010140315979,0.009466148158700727,1.200160411623715,947.0,918.6952152104391
0.015364681935250627,0.35137057904802776,0.005853385963747827,2.536215623570258,3840.2822108412493,3514.3318060669917
0.013025116543494518,0.9046006273100902,0.0015962042196291813,0.8351273885019287,160.0,156.11166424751445
0.013706644346455882,0.8735647206997401,0.007952602198882209,0.9100474793185839,795.0,808.1525313022198
0.01128027449832365,0.25045994555112266,0.002209030248244337,2.612217771840201,4015.532739598952,3723.2448368579053
0.009603901782136522,0.8817875977227071,0.004985472794682159,0.6317012223833574,499.0,482.45345339996265
0.007347213799452947,0.5969066486734043,0.005172572406354703,0.7139112980486022,517.0,525.9505034578575
0.010132118606591387,0.6786956657272843,0.004498192382737593,0.865870977019672,450.0,453.3882974011719
0.01710840894623385,0.9632993518609047,0.00962758987267013,1.030092791991045,963.0,936.9671823798346
0.004150929685628285,0.3629441688974046,0.00917126843661671,0.6633359684433883,917.0,938.3972477607364
0.010922870690125468,0.7545978115126525,0.0019333346421532317,0.8395551780852928,193.0,179.8476128193784
0.019472905874704665,0.6487284108988006,0.0020276442076749106,1.7409882498718827,626.9648304827334,861.1761001819931
0.007105485437395239,0.24768697031641168,0.0005490612481481821,1.663866915738268,929.157031062071,581.33108028518
0.008326722066891614,0.5055752259863988,0.0036278323099389943,0.9552483093637704,363.0,377.40867663998574
0.005976686707794649,0.996107149107544,0.007337836823634205,0.3480025510936917,734.0,666.6415047541248
0.01770195089286017,0.32318374229205615,0.006378132447758651,3.1768712884637154,7130.658382800135,6447.933749908216
0.01187106571652579,0.6681705255088325,0.008487490131833818,1.030458221775295,849.0,832.1506540392302
0.009577376141730633,0.18845935555527693,0.0014065896081383754,2.947520512227618,4709.677442937268,4807.110033864898
0.002051106684107337,0.24651449266836792,0.0006356608610619054,0.48258496443966165,64.0,67.81904659554141
0.006448808256533868,0.41724244028231583,0.0016801298285364435,0.8964353641156122,168.0,159.93887731856825
0.012789029761268845,0.3748782402144702,0.0035453509503153525,1.9786790658460875,1628.9083187317563,1559.8263997976705
0.0029269989359682184,0.82471513733734,0.0008341401548491253,0.20584797174241257,83.0,90.51326404284299
0.016916049725685913,0.426825181520869,0.009155671844623198,2.2986715090093903,3030.1445342006145,3260.9643377775665
0.006379745014535703,0.27137015773487794,0.00867096720137244,1.3635442228860568,867.0,904.0841217123277
0.014367510023238973,0.3669203847583177,0.0008573005845380651,2.2711073463436677,2509.3919721408356,2287.4218068639934
0.015497203898026817,0.6446344870446205,0.004416690488670611,1.394337169589469,640.8063753316209,407.8548044907878
0.00913171159550048,0.6514575335811497,0.00048091365192288896,0.8130065971108347,48.0,65.62653352309809
0.003379190021586718,0.791184094243392,0.0010775844882991855,0.24772113428222722,108.0,108.96941093020803
0.019202020245506473,0.5905237979641017,0.0020459118875717493,1.8859818657250438,1408.3646298562148,1419.1671787876749
0.006596640922717253,0.8399533245594133,0.008644024619652963,0.455507660164678,864.0,843.9303402959183
0.007043434727734151,0.17382200760868985,0.005199434180957337,2.3502157168052276,2879.17520774067,2856.002381142819
0.012319321065387735,0.38624582249603545,0.008587116028621892,1.8499115852568804,1506.6558919998408,1577.8065257094447
0.011715329713505591,0.9187244107338451,0.0015841657936889527,0.739600597790334,158.0,152.81229296357418
0.012790511042046475,0.5008912484157778,0.006356872083844166,1.4810592973724785,765.157874346202,602.5665638490077
0.0073668321906166945,0.776722413965263,0.00416451652614042,0.550101631385234,416.0,404.4677392618729
0.008310984853905664,0.6400631266938995,0.003759341509184492,0.7531087191608452,376.0,382.7669961328784
0.016355719256059453,0.6449196512370408,0.00857689689873445,1.4709300841303996,858.0,826.1988737545564
0.007698700641850643,0.13512085730654683,0.006376776632801199,3.304631469398636,7193.219546818947,7357.1494332922075
0.01511562476204852,0.6653885969814324,0.005325129600369036,1.317585303048526,533.0,512.7887490769133
0.008791814845510896,0.5613283779754829,0.008342854664472269,0.908425942901294,834.0,856.1819259187793
0.009661957709585865,0.2871295444405371,0.00969449842898154,1.9517098048822854,1952.4700736813952,2062.8473061303907
0.007488606955330894,0.9493877083814962,0.006864655068186894,0.45749402438509307,686.0,657.4556244552166
0.00184662411551988,0.11342672146801802,0.00016628656447754313,0.9442589657354444,17.0,429.71477818842635
0.014415451781468391,0.7923650917869657,0.002444162754825225,1.0551906084600184,244.0,252.88258256702352
0.012040405994889163,0.833274185632242,0.007881912029084524,0.8380717412645002,788.0,805.5774192329493
0.015465945814600514,0.33484407863466614,0.006577124467123557,2.6789330153439406,4964.389749523756,4197.255544946897
0.010418759747002395,0.3633430308348465,0.003564467896931764,1.663133771790469,598.8903676588675,882.4627114962352
0.011372064454846533,0.7226488197845102,0.008024665501866021,0.9127251305520457,802.0,801.3401739270962
0.012481400855907954,0.48325763004632266,0.0003968128916284537,1.4980027311172923,360.2534107600424,220.7556576899886
0.015253062776321671,0.5443679790547566,0.0038896435886690154,1.625146362507978,1253.2317454693705,813.8952828234693
0.01895415000627188,0.9170116502146812,0.004983344831753066,1.1988295896855867,498.0,533.5496234580163
0.012749342774835781,0.8984017789929898,0.004851310881422354,0.8230859491054562,485.0,460.31513604709676
0.005632582504206806,0.6518668376054881,0.007197355601602247,0.5011603082065488,720.0,714.6885095344417
0.0076480533552503605,0.9773458906833004,0.003962993865738177,0.4538690946911252,396.0,379.1497434297773
0.00222501378197809,0.20043074271712072,0.008933577333454453,0.643867291041604,893.0,905.0546946186053
0.002262235490721566,0.3149813163078309,0.009590653061848812,0.41656330603945974,959.0,977.7056581678938
0.005208027289927537,0.681302442305362,0.0012494961139139279,0.44336489062578527,125.0,128.90090914908973
0.004677108214859273,0.352707620348483,0.0018134522270596498,0.7691137384381282,181.0,202.06001464167724
0.01473431929394474,0.9389986515940576,0.0031631835035767493,0.910108355957732,316.0,313.10331521042156
0.0016534435409181196,0.6578543457104465,0.005192600403247621,0.14577653244759597,519.0,510.0583333515335
0.013338977961263493,0.9961122111293481,0.006542146334288242,0.7766802907436906,654.0,604.2210689169652
0.010880598710240736,0.5166040418778948,0.009926384800462595,1.2215830191725916,993.0,985.5877687185393
0.007899917951084417,0.2755511319920113,0.0021375938536894604,1.6628320045376552,694.7461156183267,526.147861731214
0.018785246677366203,0.3803141745017792,0.005032778898948268,2.8648532722046696,5044.493923447534,4787.874955255466
0.016479574789071198,0.8134517585107724,0.00909941969516583,1.1750117050776179,910.0,921.7013495830281
0.013755714735331317,0.7961595178726361,0.0030422074531054164,1.0021000022470972,304.0,297.35614168151983
0.00847520745213493,0.4367122559301475,0.007688948448543932,1.1255970620216615,769.0,796.7001066712767
0.013906437102281344,0.7918216098041623,0.005192467263928858,1.0186301332844454,519.0,512.7732437675231
0.01996115886525623,0.4112118696630624,0.003554846165921113,2.8154518378408997,4679.427995799783,4560.100341798312
0.0074144215029059955,0.4489375017179529,0.0050077692918895625,0.9578982498074312,501.0,507.1940108092612
0.01690002426627027,0.5944194946998235,0.008724871505649066,1.6490061584179176,1350.0653008972572,1086.313985237426
0.011782993789928017,0.46855038558220774,0.003059295541452369,1.4585702217844387,611.3897363545523,327.32296401772794
0.00656460481149554,0.10996474974809808,0.009515066663602948,3.462446647120448,7629.300434541764,8163.496048892013
0.015054277036027698,0.8416377910423347,0.004999298185809995,1.0374392373805454,500.0,484.57796095376494
0.012026670632538056,0.3470867424293451,0.00897040933638622,2.009719218328265,2051.821907820955,2294.500451204076
0.014803575034756553,0.4320919702236987,0.0028151301126853492,1.9870939780976944,1714.0368301050885,1388.9656854231139
0.007908018483289788,0.54139125138836,0.0020834271114761604,0.847197051770957,208.0,201.22595879756426
0.009900307841757943,0.27021329578433495,0.0038865226338088707,2.1250540361280392,2273.2351582211622,2128.198483861488
0.015937262890906734,0.6846696647114628,0.0027792866773701623,1.3500835443938353,358.9321904228318,264.9847315036904
0.014415274281123167,0.49568041227437987,0.005692626950247632,1.6867438930435992,1122.5219047579822,985.5605536099065
0.005755572702162993,0.29686901219312734,0.003324599340765669,1.1244798312202617,332.0,360.3307008998789
0.004840406570082797,0.7699617336056318,0.002827153069568135,0.364620173719694,283.0,272.9686455933853
0.01932075945848339,0.9637425555517459,0.008901402093868808,1.1627628583345964,890.0,835.1928646009461
0.0008049040973639454,0.8518610495385054,0.00285523394731855,0.0548028785591266,286.0,253.0592391729707
0.008241926145888255,0.5721068834808652,0.0011984646073053343,0.8355636512412407,120.0,121.39562746772248
0.0006148766727488652,0.03556774802506698,0.002018130736546209,1.0026737423550172,202.0,1340.1164054228827
0.01797655076856406,0.5818795398397651,0.007207852299425726,1.7918484380183433,1181.54781998262,1305.208887757444
0.00629476052458805,0.7491545734896647,0.007846826882132583,0.4873441654710044,785.0,776.6817275592485
0.008420510525450077,0.418496881807565,0.007827610951229476,1.1670089592224915,783.0,807.6841396280602
0.019406356109836816,0.8071024161996134,0.0075332402659855635,1.3945797110489118,753.0,790.1949703523228
0.01787087196743775,0.9483284490034639,0.0007970759379783813,1.0929869025869574,80.0,75.45721174890696
0.015996282822887394,0.643532418471846,0.007860566692090133,1.4417057744046795,786.0,754.6843977886459
0.01467962183615198,0.5918600646084451,0.008693167213706315,1.4385462331540897,869.0,931.5493032147291
0.017930543888245436,0.6129541672333442,0.005500889625623271,1.6966546621459395,969.8505475840676,991.8621661279863
0.009311397250769881,0.17955891453325204,0.002584794617809286,3.0077094303476684,5718.167451888793,5222.417090332063
0.011670740096747624,0.2634518628177593,0.0015813730569982035,2.569360938926457,3440.268682185744,3556.8680609450075
0.008084339095671788,0.8731897713030304,0.008355876335072997,0.5369871280663917,836.0,813.8097709486291
0.008266965840756531,0.7747017916812855,0.0005243143661050626,0.6189272103311979,52.0,93.09348464169756
0.0004533041525392915,0.5071164698898758,0.009857742577548385,0.051845369670183133,986.0,876.3165143676702
0.010117610587174163,0.4551636029989683,0.003954187289339697,1.2892538203618875,395.0,410.2799395335094
0.004222569109115299,0.27574513192838723,0.005427629671130816,0.8881716482751608,543.0,616.5646333407722
0.0028582801926041387,0.8285162320320879,0.009581981557865571,0.20009294297642616,958.0,883.333100530427
0.014985673301362898,0.5107590246870807,0.0023595728143241132,1.7017203993831518,764.3642138345223,763.0570438939637
0.013498025922086836,0.2304515657994893,0.00619797286220051,3.397180230757067,7201.995406065946,7105.50776549718
0.010401129719689773,0.72734107246997,0.00047430803854525336,0.8294121514317674,47.0,51.4706063912916
0.0023575515605092695,0.5413325017770283,0.004735120416053926,0.2525951980726611,474.0,475.923657445568
0.008572656731280538,0.6203951598499055,0.004698768170830974,0.8014474041586077,470.0,476.2698403038021
0.014614466382055446,0.951463969185801,0.006158619323289378,0.8908787695708209,616.0,601.9276970533733
0.012026112425136749,0.8035016857632091,0.008148955413022007,0.8680934128910939,815.0,834.3629609293882
0.003981616984533687,0.3666082612852585,0.002633937458272239,0.6299197521991025,263.0,284.4447869623028
0.0076146428350201655,0.2611066089490609,0.0026003569978925506,1.6914519559990557,729.351999785126,669.055168040366
0.005190924261918554,0.1963331374108801,0.0038897294826404014,1.5334834005183664,534.1833474483103,597.3872702402175
0.003901887400168262,0.31026750318141155,0.0066342779731074185,0.729401135759414,663.0,700.078887740825
0.0027256744650626425,0.957055394939874,0.0005382585280612476,0.16518283038733098,54.0,87.8000620497848
0.016246534828085937,0.880814560595438,0.007130766992573933,1.0698040906498893,713.0,710.4945330061933
0.011674937835391662,0.3658852415230517,0.005406951415070709,1.8507070458321684,1576.5316399137764,1444.6028017720728
0.006194239756666078,0.37535841116964924,0.004377985282314689,0.9571276284102144,438.0,393.1360033875377
0.019867581080646114,0.7696537889068895,0.004129416312954811,1.4971922691552926,686.1848863386248,586.9771641125549
0.0036155508126042486,0.32137932044568324,0.002322595550158413,0.6525060381614953,232.0,233.3851325779533
0.014952298007537643,0.5702473063918698,0.0015092763498945393,1.5208020708145649,419.83670873753886,471.94740191085896
0.010331526586834686,0.35178458579834226,0.004772459451397802,1.703396243688502,1217.3082830004598,1092.650642099593
0.010263001829079398,0.939762938684077,0.003911106077159755,0.6334087902212043,391.0,384.0511149683059
0.018956896693746495,0.631920573008661,0.0046452408284178735,1.7399338701736289,1045.6099829160953,961.8412475638797
0.0114281253105683,0.38284493723932017,0.005321320184611541,1.7313308954602133,1427.907934208805,1070.281446071212
0.011316503396228212,0.727571822206082,0.0007812154818622292,0.9021201439482432,78.0,76.96331468217437
0.0077699027861571025,0.5700794349464978,0.00444103102697838,0.7905115216783887,444.0,464.0517211696327
0.005373452456847905,0.926071150828888,0.009403272447333128,0.33654027794540875,940.0,844.8523685847637
0.004150490013865898,0.15008458629736032,0.008590292070614474,1.603951656483035,936.448533065944,1115.3041401520275
0.005580341588294887,0.5540543068405928,0.005886292854138971,0.5841662236446142,589.0,593.3828429920623
0.01225232189731592,0.911387659678452,0.006164193731420389,0.7797282116975814,616.0,597.3286505721504
0.017546491756144814,0.7870161755926998,0.006509580572583911,1.2931075032733281,651.0,625.8374782931231
0.01680756853134936,0.6978735210918956,0.0011722171615603596,1.3968705579959904,423.04327454606147,169.07266281039256
0.0072417497789814345,0.824023607386567,0.00015275741261594957,0.5097202111879329,15.0,76.2227699682195
0.007487592603149177,0.1301643916369869,0.008264931352391324,3.336399191215128,7394.267828172672,7735.673058168047
0.006260922002471554,0.6941801501594269,0.0035821265730929587,0.5231112933147859,358.0,360.57855802942106
0.0009037213076719761,0.8536125459756648,0.0013369854656192838,0.06140471586563221,134.0,122.53373166836121
0.008418609113607702,0.35642733160476464,0.004853419065427656,1.3699267292180897,485.0,515.9810940758381
0.016725734044597252,0.8114854835712524,0.001508481871838684,1.1954527766995622,151.0,144.6530947796697
0.017663368133440775,0.5779352351464999,0.0023934391331113963,1.772647330422538,1328.6162033714336,933.4661362782526
0.014025753022156213,0.3998571808120434,0.009788149267101537,2.0344605882355045,2210.5698877879695,2214.471124203803
0.007471460323494551,0.39925812756217655,0.007770181206957822,1.085374770974948,777.0,816.4383182672286
0.009611712064351307,0.8349917671386251,0.0004263491861549947,0.6676464627223363,43.0,80.38732042256004
0.0045334325738722505,0.2990745927054938,0.002438391564340026,0.8791756160427615,244.0,274.35135643244155
0.001003447364212449,0.2569828516224132,0.004972829013299068,0.22647404975424454,497.0,504.10840429350503
0.0025303384646784286,0.8356698553977556,0.008571713620323764,0.17561915151467963,857.0,810.9969284885483
0.001013921268356234,0.5586660157797227,0.003864413245472423,0.1052640252022218,386.0,383.46071062334835
0.010320878683259121,0.7598602543600971,0.0006450638987300672,0.7877908604828117,65.0,70.50316167609873
0.0069754835060111126,0.3588396192943137,0.0038290438375584266,1.1274620236870139,383.0,368.16174584176065
0.013952973016600962,0.6236006320904087,0.0040121336762916114,1.2977415244914772,458.7910437545012,428.6624041702466
0.007176158908306349,0.8623662699574265,0.004192808648982034,0.48264551986978355,419.0,406.50068248248516
0.013750444615868976,0.3646341210092282,0.005449221526013733,2.1871946199467622,2722.5550663347444,2281.2083656577497
0.016166942039000876,0.7338732234508409,0.006327925797872477,1.2777174698551488,633.0,627.9586121527494
0.010068681638239976,0.9645244866155027,0.0008955281563838423,0.6054626327498489,90.0,127.36833617607118
0.009279478851960529,0.8746406792133772,0.007735324706058444,0.6153495786381199,774.0,766.7236626519872
0.015988609669918184,0.23769259581760985,0.009466558183865057,3.9014230025357453,10472.144046895053,9004.548584938766
0.015450145252697662,0.2043923555686678,0.00805123018256681,4.384256065562134,12079.500495774864,11518.81075317488
0.005966036614367259,0.80708077628871,0.008221555628333077,0.42874286415851726,822.0,816.8888318000131
0.003674637763018705,0.5322151654200414,0.004715972550519433,0.4004564396185077,472.0,488.7142135052777
0.01013278944400327,0.6174013130360974,0.008992831219908968,0.9518959149311506,899.0,907.8670681093387
0.015506405645378843,0.7041210796550833,0.0020189064046603053,1.2772966943022555,257.5729248003564,200.08311652284482
0.014039116479727765,0.31378987417036186,0.00019075103185669587,2.5949491135655003,3550.284257904027,3749.318768509993
0.003457395722682894,0.6227943715299437,0.008498657290364885,0.3219826014531772,850.0,859.6528929669134
0.0033724974422823187,0.12936973263927132,0.007568111236949163,1.5119831173941602,757.0,918.8062653205993
0.018473892946307385,0.8306631716997045,0.006999285798516531,1.2899160904092475,700.0,708.6758193465453
0.005522043562137097,0.5646874907168143,0.002305697932654404,0.567178363022333,231.0,243.17234020668337
0.007236606565228476,0.7362299797938839,0.0042411877003781726,0.5700979208979753,424.0,418.6590587222929
0.011728496183761386,0.5526287395480496,0.004026927700085942,1.2309399239975904,403.0,421.35250238804224
0.00896309669202864,0.7360726052850257,0.0013383851773083716,0.7062613177084053,134.0,140.7385735532169
0.007300556651897067,0.9648868231337767,0.0012218312682547097,0.43884140155919943,122.0,164.38053720413387
0.0021764047344793643,0.4211398877922371,0.0017043242956790423,0.29973763649307306,170.0,196.1480672162603
0.015415362420743739,0.8189850300968929,0.009969062466502523,1.0917061820987843,997.0,936.7024437500646
0.004058052625874978,0.40955763853358085,0.008522512269262124,0.5746860274502005,852.0,874.302965705016
0.004404998509276555,0.5290649193721784,0.008099409577338408,0.48290843747723916,810.0,831.03741394568
0.005313032536874715,0.9078029931330573,0.009817009357795673,0.339452380604309,982.0,864.76049550977
0.013074319576065918,0.38279583190197275,0.0038226064816424344,1.9809790813135426,2116.327221144813,1526.274349264363
0.005174995238136305,0.889038865794788,0.008902879087620604,0.33761147612323583,890.0,833.0240422262577
0.002183551121492299,0.05894444501461828,0.0007649389232798936,2.1485648904683896,2126.3436070354137,2186.763943212498
0.009821193850649832,0.5352135244784233,0.0035406171784778165,1.0643027825068616,354.0,356.6466184222951
0.0012640077859789193,0.3359130761170875,0.006467897124623298,0.21824828147274378,647.0,663.6994945156791
0.012378512366701408,0.7978213027540094,0.004211709933667528,0.8998928892853176,421.0,405.814508827615
0.007340519968735648,0.7741544081626931,0.0011401189108540461,0.5499550912551204,114.0,122.07605509681503
0.01570039146755677,0.6918665834607216,0.002682231302684033,1.3161825225946762,479.4625125290644,262.72221311671984
0.011920219119663728,0.8747798555641604,0.0065805618904468295,0.7903390830766425,658.0,659.5127425313532
0.016503459103831917,0.6031229806374553,0.0005501506911587808,1.587073712579419,505.22595165044413,662.5762373480317
0.013487790699770243,0.48825522899624585,0.005462464302154041,1.6022191143654685,729.0480524429213,713.0029955691411
0.009633949832716355,0.9603278543907914,0.007960482338101578,0.5818524244014749,796.0,774.9060761316052
0.014092400591824202,0.8979446826524133,0.001774306949731766,0.9102556650944571,177.0,168.85925985013535
0.013590684890250278,0.78200602486405,0.005242524425348442,1.0079969956389445,524.0,518.5098364025308
0.008747715644014359,0.9626622331647133,0.0029028960227513775,0.5270462368559765,290.0,285.5749004085686
0.0021994282608168527,0.9379226682557982,0.0007129425922663041,0.13600997549681396,71.0,86.21162657716093
0.017502279428544914,0.9952370338365777,0.0022436507024097565,1.0199903865537767,224.0,201.87484959308694
0.010834882122746328,0.4270018218748194,0.0011565052870002555,1.4717107303198267,593.4892215830063,385.8996305843684
0.004858000239880837,0.16926481163702112,0.00874018895772426,1.664634315827649,1179.7189678801572,1336.6838428233893
0.006933785439853056,0.8165652625126812,0.006982087505897247,0.4925014251450988,698.0,677.3391628791975
0.00229833577140976,0.08243250345415225,0.00805312077774542,1.6171227265456949,956.0500559864422,1046.9852567141968
0.008941051912699227,0.605559740660671,0.0002822281693421035,0.8563663931336961,28.0,60.17893091761954
0.00743630742052979,0.843321760120097,0.001594027071440889,0.5114368569468738,159.0,165.3461768307672
0.002734046183738627,0.9805678034070289,0.002454390139654579,0.16171719906146748,245.0,227.26083516383733
0.0015591321687138517,0.3264997090539956,0.007319296277246354,0.27696706391382536,732.0,759.4649304429852
0.011391444278836281,0.8648951250668546,0.001475987699697828,0.7639120039223637,148.0,144.91682765333456
0.018100870621733437,0.6160022278786393,0.006086106312551209,1.7042965894392412,978.6418212692628,1012.7807638146186
0.001362626613351179,0.8085417298009124,0.009212869408587268,0.09774677133093496,921.0,850.33274594613
0.006312772575513213,0.12017020897154573,0.0009987668001461146,3.046851732332947,5419.34218710636,5760.669601001557
0.014995998806678387,0.5701048807696394,0.007309984437232675,1.5256279329044913,731.0,918.2712973621245
0.007817016206661035,0.24818288283415138,0.006868706366213755,1.8268259873881658,1764.3376075457174,1310.7237249967013
0.0033864697741833386,0.15280261253777067,0.003949990967560484,1.2854181197594545,395.0,436.34466137469406
0.01615891976007604,0.5487487356098505,0.0036629643033439375,1.7079170944108624,659.0073716540911,919.3038729174672
0.018018546678171744,0.2764487636514325,0.008787490359848396,3.780359490598669,9423.23124619145,9266.372181141522
0.01976210390177054,0.9453422392002379,0.0035014669475569166,1.2124730904570404,350.0,316.5431041696677
0.009990003813789847,0.8470431555532568,0.0034005440928280267,0.6840504139619138,340.0,337.46910345675434
0.008128853742351243,0.9088174987209626,0.0033724316332658815,0.5187768916420592,337.0,327.3477133044937
0.003740857249981602,0.1597628490654899,0.0008778644242987151,1.3580736808843012,164.9098226531686,386.96780219898255
0.009229841957456774,0.6821338738705822,0.0023494981183960974,0.7847885203162606,235.0,228.34030836762747
0.005058467095518802,0.07860588014044954,0.004516400992337009,3.732431861533414,8889.76998712934,7753.377819528489
0.012019262824303448,0.22108270816129175,0.0013180459752130261,3.1531966005275067,6013.677765575427,5900.897708848854
0.009756090079083245,0.36169849095574214,0.002779738979517167,1.5644334680292231,552.8778487278308,627.7536036633712
0.00434369140642606,0.28899482777290314,0.007565711299696458,0.8717598979684349,757.0,803.6589057760025
0.011585148234179284,0.4521221894230717,0.008010982895545374,1.4861880555781224,801.0,804.1516134724881
0.004487626786826964,0.9749125652518527,0.0075265567356371955,0.2669802020335272,753.0,693.4598819661832
0.006515821232595355,0.4805538444357962,0.0022387429436459367,0.7864209929154398,224.0,209.09624739209346
0.002951241950676752,0.47781818727508707,0.008088015694801231,0.35823674715149617,809.0,825.9410677238677
0.0032198674633388625,0.21741639118137296,0.002225898216807981,0.8589615155458156,223.0,152.48695931752786
0.018034032125782386,0.4701410545806048,0.005209890286910524,2.2248086039379236,2372.4131771230027,2631.054973162977
0.0023401689761386197,0.6116662325189226,0.0005167044641584382,0.2219017388896664,52.0,82.73778364058336
0.018938023338323597,0.39752213866642555,0.005579425421056538,2.763130016626516,4647.17484387893,4467.771620116993
0.002617627144135723,0.6492188933526502,0.005155027843203254,0.23385390646264406,516.0,512.0757744887375
0.018639262833781124,0.6531893996788463,0.005776245077863805,1.655074691798181,901.2462186321378,765.341221042225
0.003082675109442997,0.44470465282091515,0.0015295880765072078,0.40205371185917316,153.0,182.5476093946042
0.008385009170859192,0.5711887406627442,0.009400679077557572,0.8514357817094732,940.0,945.3549746026921
0.017676570283597717,0.7485177509507405,0.002404784969397162,1.3696950742269545,253.35414660853792,320.2238249267183
0.01835569867083668,0.8551156271997183,0.004969104635924819,1.2450135268781324,497.0,535.010352863657
0.007903689254768847,0.3459047337817213,0.00038281758099118293,1.3252607784947785,114.06265609367517,244.95470321656785
0.011524883570391168,0.6150208540151804,0.0047376476363397944,1.0868627343589048,474.0,515.0141112832168
0.0029433736052098813,0.23843803618553125,0.004386548567095702,0.7159749838290792,439.0,447.2267267044381
0.015732350054683687,0.7604713060457742,0.00848043360109497,1.1998826200507955,848.0,826.1572400331213
0.004111087912761194,0.6707843930689377,0.002800945652386411,0.35546906189817096,280.0,271.3385243463954
0.007784553906346224,0.23160857786728714,0.0014072585323831551,1.9494274811652057,1525.3818472229314,1169.571781863365
0.007160074273752699,0.17463289403533808,0.009139391383587703,2.378041721015178,3121.7747370180364,3420.1110717382526
0.013385779907948718,0.9297431704474116,0.008790410556306019,0.8350426863446794,879.0,873.5131215955341
0.008623349999061895,0.36311753697113175,0.0029459124610201,1.3773895475209526,477.57873685081796,320.9835840983202
0.004448557371666822,0.9944074165772414,0.008070736413126825,0.2594674207527233,807.0,713.8722768840946
0.007390946070371759,0.1336303991258247,0.002469305048894149,3.207914328519869,6053.918449510953,6617.221740513853
